{
  "bodyChildren" : {
    "rootArray" : [ "d8a70f9f-47c6-40df-891e-7b3cf2faa629" ],
    "widgets" : [ {
      "borderColor" : "Default",
      "borderRadius" : 4,
      "borderThickness" : 0,
      "fontFamily" : "inherit",
      "fontSize" : 20,
      "fontStyle" : "normal",
      "fontWeight" : "normal",
      "heightPolicy" : "naturalSize",
      "horzGravity" : "center",
      "name" : "StaticText29885",
      "text" : "Temp",
      "type" : "StaticText",
      "uuid" : "1baa8ceb-2b93-4117-8d1c-f56334f23f68",
      "v" : 16,
      "vertGravity" : "center",
      "widthPolicy" : "naturalSize"
    }, {
      "borderColor" : "Default",
      "borderRadius" : 4,
      "borderThickness" : 0,
      "fontFamily" : "inherit",
      "fontSize" : 20,
      "fontStyle" : "normal",
      "fontWeight" : "normal",
      "foregroundColor" : "#ffffff",
      "heightPolicy" : "naturalSize",
      "horzGravity" : "center",
      "name" : "StaticTextStatus",
      "text" : "Status:",
      "type" : "StaticText",
      "uuid" : "2f5b781a-8781-4416-864f-78f64ad307f8",
      "v" : 16,
      "vertGravity" : "center",
      "widthPolicy" : "naturalSize"
    }, {
      "borderColor" : "Default",
      "borderRadius" : 4,
      "borderThickness" : 2,
      "defaultMinimumHeight" : 300,
      "defaultMinimumWidth" : 200,
      "h" : 100,
      "heightPolicy" : "explicit",
      "horzGravity" : "center",
      "horzizontalScrollPolicy" : "none",
      "html" : "<canvas id=\"can3\" width=\"100\" height=\"100\"></canvas>",
      "name" : "StaticHtml42",
      "type" : "StaticHtml",
      "uuid" : "32a54022-f9b3-436f-b4bd-074b1891538e",
      "v" : 16,
      "vertGravity" : "center",
      "verticalScrollPolicy" : "none",
      "w" : 100,
      "widthPolicy" : "explicit"
    }, {
      "borderColor" : "Default",
      "borderRadius" : 4,
      "borderThickness" : 2,
      "defaultMinimumHeight" : 300,
      "defaultMinimumWidth" : 200,
      "h" : 480,
      "heightPolicy" : "explicit",
      "horzGravity" : "center",
      "horzizontalScrollPolicy" : "none",
      "html" : "<video id=\"video\" preload=\"\" autoplay=\"autoplay\" loop=\"loop\" muted=\"\" width=\"640\" height=\"480\"></video> <canvas id=\"canvas\" width=\"640\" height=\"480\"></canvas>",
      "name" : "StaticHtml5",
      "type" : "StaticHtml",
      "uuid" : "36ca3b9c-2b46-4e2a-8b05-3fbd946935ab",
      "v" : 16,
      "vertGravity" : "center",
      "verticalScrollPolicy" : "none",
      "w" : 640,
      "widthPolicy" : "explicit"
    }, {
      "backgroundColor" : "#444444",
      "borderColor" : "Default",
      "borderRadius" : 4,
      "borderThickness" : 1,
      "children" : [ "9f0035ba-d0a7-421e-8f1b-219faa2f22a2", "36ca3b9c-2b46-4e2a-8b05-3fbd946935ab" ],
      "h" : 702,
      "heightPolicy" : "explicit",
      "horzGravity" : "center",
      "innerMargin" : 20,
      "name" : "VerticalLayout12280",
      "type" : "VerticalLayout",
      "uuid" : "896395b2-69a7-421e-8edc-3585d174fafe",
      "v" : 16,
      "vertGravity" : "center",
      "widthPolicy" : "naturalSize"
    }, {
      "backgroundColor" : "#444444",
      "borderColor" : "Default",
      "borderRadius" : 4,
      "borderThickness" : 1,
      "children" : [ "2f5b781a-8781-4416-864f-78f64ad307f8", "ed24a219-7f76-44fd-952f-4ed82a797436" ],
      "h" : 702,
      "heightPolicy" : "explicit",
      "horzGravity" : "center",
      "innerMargin" : 20,
      "name" : "StatusIndicator",
      "type" : "VerticalLayout",
      "uuid" : "92de66aa-ade0-4457-96e2-a9ce7e84774d",
      "v" : 16,
      "vertGravity" : "center",
      "widthPolicy" : "naturalSize"
    }, {
      "borderColor" : "Default",
      "borderRadius" : 4,
      "borderThickness" : 1,
      "children" : [ "32a54022-f9b3-436f-b4bd-074b1891538e", "1baa8ceb-2b93-4117-8d1c-f56334f23f68", "b641ebe6-544a-4765-8943-690457949e0c" ],
      "heightPolicy" : "naturalSize",
      "horzGravity" : "center",
      "innerMargin" : 20,
      "name" : "VerticalLayout11540",
      "type" : "VerticalLayout",
      "uuid" : "96775655-a7e6-4cbb-a349-4339f0f30ab0",
      "v" : 16,
      "vertGravity" : "center",
      "widthPolicy" : "naturalSize"
    }, {
      "borderColor" : "Default",
      "borderRadius" : 4,
      "borderThickness" : 0,
      "fontFamily" : "inherit",
      "fontSize" : 20,
      "fontStyle" : "normal",
      "fontWeight" : "normal",
      "foregroundColor" : "#ffffff",
      "heightPolicy" : "naturalSize",
      "horzGravity" : "center",
      "name" : "StaticText32141",
      "text" : "Live Stream",
      "type" : "StaticText",
      "uuid" : "9f0035ba-d0a7-421e-8f1b-219faa2f22a2",
      "v" : 16,
      "vertGravity" : "center",
      "widthPolicy" : "naturalSize"
    }, {
      "borderColor" : "Default",
      "borderRadius" : 4,
      "borderThickness" : 0,
      "fontFamily" : "inherit",
      "fontSize" : 20,
      "fontStyle" : "normal",
      "fontWeight" : "normal",
      "foregroundColor" : "#00f7ff",
      "heightPolicy" : "naturalSize",
      "horzGravity" : "center",
      "name" : "StaticText29886",
      "text" : "0.00",
      "type" : "StaticText",
      "uuid" : "b641ebe6-544a-4765-8943-690457949e0c",
      "v" : 16,
      "vertGravity" : "center",
      "widthPolicy" : "naturalSize"
    }, {
      "borderColor" : "Default",
      "borderRadius" : 4,
      "borderThickness" : 1,
      "children" : [ "896395b2-69a7-421e-8edc-3585d174fafe", "96775655-a7e6-4cbb-a349-4339f0f30ab0", "92de66aa-ade0-4457-96e2-a9ce7e84774d" ],
      "column" : 0,
      "heightPolicy" : "sizeToCell",
      "horzGravity" : "center",
      "innerMargin" : 20,
      "name" : "HorizontalLayout10191",
      "row" : 0,
      "type" : "HorizontalLayout",
      "uuid" : "d8a70f9f-47c6-40df-891e-7b3cf2faa629",
      "v" : 16,
      "vertGravity" : "center",
      "widthPolicy" : "sizeToCell"
    }, {
      "borderColor" : "Default",
      "borderRadius" : 4,
      "borderThickness" : 2,
      "defaultMinimumHeight" : 300,
      "defaultMinimumWidth" : 200,
      "h" : 480,
      "heightPolicy" : "explicit",
      "horzGravity" : "center",
      "horzizontalScrollPolicy" : "none",
      "html" : "<canvas id=\"can2\" width=\"640\" height=\"480\"></canvas>",
      "name" : "StaticHtml4",
      "type" : "StaticHtml",
      "uuid" : "ed24a219-7f76-44fd-952f-4ed82a797436",
      "v" : 16,
      "vertGravity" : "center",
      "verticalScrollPolicy" : "none",
      "w" : 640,
      "widthPolicy" : "explicit"
    } ]
  },
  "data" : {
    "properties" : { }
  },
  "footerChildren" : [ ],
  "hasFooter" : false,
  "layoutType" : "single",
  "responseTopic" : "/my/response/topic"
}