{
  "bodyChildren" : {
    "rootArray" : [ "06ff5563-dedc-4438-8221-03cf1bd18d03" ],
    "widgets" : [ {
      "borderColor" : "Default",
      "borderRadius" : 4,
      "borderThickness" : 0,
      "children" : [ "bdbbfdb5-c618-4eec-945b-c98260263498" ],
      "colspan" : 1,
      "column" : 1,
      "heightPolicy" : "sizeToCell",
      "horzGravity" : "center",
      "horzWeight" : 1,
      "innerMargin" : 20,
      "name" : "VerticalLayout20",
      "row" : 0,
      "rowspan" : 3,
      "type" : "VerticalLayout",
      "uuid" : "00281c10-f215-4fd0-9395-a982b01908ce",
      "v" : 16,
      "vertGravity" : "center",
      "widthPolicy" : "sizeToCell"
    }, {
      "borderColor" : "Default",
      "borderRadius" : 4,
      "borderThickness" : 0,
      "children" : [ "eee16a6d-eaf5-435b-876a-940c27c6553b", "00281c10-f215-4fd0-9395-a982b01908ce", "fe8d2eef-bb3a-4e4c-8ef2-a8d0b3ba11bd" ],
      "column" : 0,
      "columns" : 2,
      "heightPolicy" : "sizeToCell",
      "horzGravity" : "center",
      "innerMargin" : 20,
      "name" : "GridLayout1",
      "row" : 0,
      "rows" : 3,
      "type" : "GridLayout",
      "uuid" : "06ff5563-dedc-4438-8221-03cf1bd18d03",
      "v" : 16,
      "vertGravity" : "center",
      "widthPolicy" : "sizeToCell"
    }, {
      "borderColor" : "Default",
      "borderRadius" : 4,
      "borderThickness" : 0,
      "fontFamily" : "inherit",
      "fontSize" : 20,
      "fontStyle" : "normal",
      "fontWeight" : "normal",
      "heightPolicy" : "naturalSize",
      "horzGravity" : "left",
      "name" : "StaticText21",
      "text" : "Buildings",
      "type" : "StaticText",
      "uuid" : "0f8e1c6a-e2cc-4af7-84cc-9d955f75eaea",
      "v" : 16,
      "vertGravity" : "center",
      "widthPolicy" : "naturalSize"
    }, {
      "borderColor" : "Default",
      "borderRadius" : 4,
      "borderThickness" : 0,
      "buttonBackgroundColor" : "#180469",
      "buttonLabel" : "Add Building",
      "buttonLabelColor" : "platform",
      "buttonLabelSize" : 14,
      "buttonLabelStyle" : "bold",
      "column" : -1,
      "glyphIcon" : "fa-building-o",
      "h" : 60,
      "heightPolicy" : "explicit",
      "horzGravity" : "center",
      "name" : "Button3",
      "row" : -1,
      "submitValue" : 100,
      "type" : "Button",
      "uuid" : "422257b9-74ad-4573-827b-5cb164a0501e",
      "v" : 16,
      "vertGravity" : "bottom",
      "widthPolicy" : "sizeToCell"
    }, {
      "borderColor" : "Default",
      "borderRadius" : 4,
      "borderThickness" : 0,
      "clearOnDataArrive" : true,
      "dataStreamGroupedByFiltersString" : "",
      "dataStreamProperty" : "geo",
      "dataStreamUUID" : "de7a9ceb-57f7-482c-81b1-5a2a690b770f",
      "dataType" : null,
      "fixedCenter" : true,
      "heightPolicy" : "sizeToCell",
      "horzGravity" : "center",
      "labelProperty" : "name",
      "name" : "DynamicMapViewerBuildings",
      "naturalKey" : null,
      "operation" : "insert",
      "type" : "DynamicMapViewer",
      "uuid" : "bdbbfdb5-c618-4eec-945b-c98260263498",
      "v" : 16,
      "vertGravity" : "center",
      "widthPolicy" : "sizeToCell"
    }, {
      "borderColor" : "Default",
      "borderRadius" : 4,
      "borderThickness" : 0,
      "children" : [ "0f8e1c6a-e2cc-4af7-84cc-9d955f75eaea" ],
      "column" : 0,
      "heightPolicy" : "naturalSize",
      "horzGravity" : "center",
      "innerMargin" : 20,
      "name" : "HorizontalLayout23",
      "row" : 0,
      "type" : "HorizontalLayout",
      "uuid" : "eee16a6d-eaf5-435b-876a-940c27c6553b",
      "v" : 16,
      "vertGravity" : "center",
      "widthPolicy" : "sizeToCell"
    }, {
      "backgroundColor" : "default",
      "borderColor" : "Default",
      "borderRadius" : 4,
      "borderThickness" : 0,
      "cellFontColor" : "default",
      "cellFontFace" : "inherit",
      "cellFontSize" : 14,
      "cellFontStyle" : "plain",
      "clearOnDataArrive" : true,
      "column" : -1,
      "columnDescriptors" : [ {
        "colorRules" : null,
        "dataType" : "String",
        "propertyName" : "name",
        "selected" : false,
        "title" : "Name"
      }, {
        "colorRules" : null,
        "dataType" : "String",
        "propertyName" : "address",
        "selected" : false,
        "title" : "Address"
      }, {
        "buttonIcon" : "fa-times-circle",
        "buttonLabel" : "Delete",
        "colorRules" : null,
        "dataType" : "Button",
        "isLinkStyle" : true,
        "propertyName" : "ButtonDelete",
        "selected" : false,
        "title" : ""
      }, {
        "buttonIcon" : "fa-binoculars",
        "buttonLabel" : "View",
        "colorRules" : null,
        "dataType" : "Button",
        "isLinkStyle" : true,
        "propertyName" : "ButtonView",
        "selected" : false,
        "title" : ""
      } ],
      "columnSort" : true,
      "dataStreamGroupedByFiltersString" : "",
      "dataStreamUUID" : "de7a9ceb-57f7-482c-81b1-5a2a690b770f",
      "dataType" : null,
      "headerFontColor" : "default",
      "headerFontFace" : "inherit",
      "headerFontSize" : 14,
      "headerFontStyle" : "plain",
      "heightPolicy" : "naturalSize",
      "horzGravity" : "center",
      "name" : "DataTable1",
      "operation" : "insert",
      "row" : -1,
      "rowsPerPage" : 20,
      "showMaximizeButton" : false,
      "showPaging" : true,
      "type" : "DataTable",
      "uuid" : "f541babf-5f7c-4cd0-8f9a-3e84ff5d5543",
      "v" : 16,
      "vertGravity" : "top",
      "vertWeight" : 1,
      "widthPolicy" : "sizeToCell"
    }, {
      "borderColor" : "Default",
      "borderRadius" : 4,
      "borderThickness" : 0,
      "children" : [ "f541babf-5f7c-4cd0-8f9a-3e84ff5d5543", "422257b9-74ad-4573-827b-5cb164a0501e" ],
      "colspan" : 1,
      "column" : 0,
      "heightPolicy" : "sizeToCell",
      "horzGravity" : "center",
      "innerMargin" : 20,
      "name" : "VerticalLayout19",
      "row" : 1,
      "rowspan" : 2,
      "type" : "VerticalLayout",
      "uuid" : "fe8d2eef-bb3a-4e4c-8ef2-a8d0b3ba11bd",
      "v" : 16,
      "vertGravity" : "top",
      "vertWeight" : 1,
      "w" : 570,
      "widthPolicy" : "explicit"
    } ]
  },
  "data" : {
    "properties" : { }
  },
  "footerChildren" : [ ],
  "hasFooter" : false,
  "layoutType" : "single",
  "responseTopic" : ""
}