{
  "bodyChildren" : {
    "rootArray" : [ "bdac0cdc-39fc-45d5-beec-c4045b1c5df3", "203bb656-13cd-4934-8ae9-84ffb8814216", "9d21b297-3a5b-4f6e-b3de-b2debbb7c7c7" ],
    "widgets" : [ {
      "borderColor" : "Default",
      "borderThickness" : 0,
      "children" : [ "79942c56-b3e0-4d0b-b044-46246b72a54e" ],
      "closeIcon" : "glyphicon-chevron-up",
      "defaultToOpen" : true,
      "fontFace" : "inherit",
      "fontSize" : 16,
      "fontStyle" : "normal",
      "fontWeight" : "bold",
      "heightPolicy" : "naturalSize",
      "horzGravity" : "center",
      "innerMargin" : 5,
      "name" : "AccordionLayout467",
      "openIcon" : "glyphicon-chevron-down",
      "title" : "Floor Info",
      "titleBarColor" : "default",
      "type" : "AccordionLayout",
      "uuid" : "0111be0a-7462-4db6-81e2-859a03d01e66",
      "v" : 16,
      "vertGravity" : "center",
      "vertMargin" : 5,
      "widthPolicy" : "sizeToCell"
    }, {
      "borderColor" : "Default",
      "borderRadius" : 4,
      "borderThickness" : 0,
      "children" : [ "832c98d9-b2c8-4773-a8e6-cfd0d59f5502", "6a7a0c03-824a-4032-b5b8-faad0180eef9" ],
      "heightPolicy" : "naturalSize",
      "horzGravity" : "center",
      "innerMargin" : 20,
      "name" : "HorizontalLayout1362",
      "type" : "HorizontalLayout",
      "uuid" : "075ceab8-1b74-4d9c-b76a-cecc4c81e82b",
      "v" : 16,
      "vertGravity" : "center",
      "widthPolicy" : "sizeToCell"
    }, {
      "backgroundColor" : "default",
      "borderColor" : "Default",
      "borderRadius" : 4,
      "borderThickness" : 0,
      "cellFontColor" : "default",
      "cellFontFace" : "inherit",
      "cellFontSize" : 14,
      "cellFontStyle" : "plain",
      "clearOnDataArrive" : true,
      "columnDescriptors" : [ {
        "colorRules" : null,
        "dataType" : "String",
        "propertyName" : "type",
        "selected" : false,
        "title" : "Type"
      }, {
        "colorRules" : null,
        "dataType" : "String",
        "propertyName" : "name",
        "selected" : false,
        "title" : "Name"
      }, {
        "colorRules" : null,
        "dataType" : "String",
        "propertyName" : "id",
        "selected" : false,
        "title" : "Id"
      }, {
        "buttonIcon" : "fa-times-circle",
        "buttonLabel" : "Delete",
        "colorRules" : null,
        "dataType" : "Button",
        "isLinkStyle" : true,
        "propertyName" : "ButtonDelete",
        "selected" : false,
        "title" : ""
      }, {
        "buttonIcon" : "fa-binoculars",
        "buttonLabel" : "View",
        "colorRules" : null,
        "dataType" : "Button",
        "isLinkStyle" : true,
        "propertyName" : "ButtonView",
        "selected" : false,
        "title" : ""
      } ],
      "columnSort" : true,
      "dataStreamGroupedByFiltersString" : "",
      "dataStreamUUID" : "f875548a-82c8-4e4e-86c2-f8e90c794011",
      "dataType" : null,
      "headerFontColor" : "default",
      "headerFontFace" : "inherit",
      "headerFontSize" : 14,
      "headerFontStyle" : "plain",
      "heightPolicy" : "naturalSize",
      "horzGravity" : "center",
      "name" : "DataTable653",
      "operation" : "insert",
      "rowsPerPage" : 15,
      "showMaximizeButton" : false,
      "showPaging" : true,
      "type" : "DataTable",
      "uuid" : "0bb11c27-2fd7-42b0-badf-f34c5ac8f617",
      "v" : 16,
      "vertGravity" : "center",
      "w" : 500,
      "widthPolicy" : "explicit"
    }, {
      "binding" : "page.data.floor.buildingid",
      "borderColor" : "Default",
      "borderRadius" : 4,
      "borderThickness" : 0,
      "defaultValue" : "",
      "heightPolicy" : "naturalSize",
      "horzGravity" : "center",
      "inputType" : "text",
      "isReadOnly" : true,
      "label" : "Building Id",
      "name" : "InputString430",
      "optional" : true,
      "placeholder" : "",
      "type" : "InputString",
      "uuid" : "19e8490e-6f0d-4b56-9684-cebca1fc69a7",
      "v" : 16,
      "vertGravity" : "center",
      "widthPolicy" : "sizeToCell"
    }, {
      "binding" : "page.data.planFilter",
      "borderColor" : "Default",
      "borderRadius" : 4,
      "borderThickness" : 0,
      "default" : "assets",
      "enumeratedList" : [ {
        "label" : "Show assets on this floor",
        "value" : "assets"
      }, {
        "label" : "Show space allocation for this floor",
        "value" : "spaces"
      } ],
      "heightPolicy" : "naturalSize",
      "horzGravity" : "center",
      "name" : "Droplist234",
      "type" : "Droplist",
      "uuid" : "203bb656-13cd-4934-8ae9-84ffb8814216",
      "v" : 16,
      "vertGravity" : "center",
      "w" : 410,
      "widthPolicy" : "explicit",
      "x" : 600,
      "y" : 40
    }, {
      "binding" : "page.data.floor.id",
      "borderColor" : "Default",
      "borderRadius" : 4,
      "borderThickness" : 0,
      "defaultValue" : "",
      "heightPolicy" : "naturalSize",
      "horzGravity" : "center",
      "inputType" : "text",
      "isReadOnly" : true,
      "label" : "Id",
      "name" : "InputString431",
      "optional" : true,
      "placeholder" : "",
      "type" : "InputString",
      "uuid" : "21331039-473e-438c-a808-9f1eb7803136",
      "v" : 16,
      "vertGravity" : "center",
      "widthPolicy" : "sizeToCell"
    }, {
      "borderColor" : "Default",
      "borderRadius" : 4,
      "borderThickness" : 0,
      "buttonBackgroundColor" : "#180469",
      "buttonLabel" : "Add Space",
      "buttonLabelColor" : "platform",
      "buttonLabelSize" : 14,
      "buttonLabelStyle" : "bold",
      "h" : 60,
      "heightPolicy" : "explicit",
      "horzGravity" : "center",
      "name" : "Button275",
      "submitValue" : 100,
      "type" : "Button",
      "uuid" : "5f480d16-ad75-49d2-9c71-09eae9e82797",
      "v" : 16,
      "vertGravity" : "center",
      "widthPolicy" : "sizeToCell"
    }, {
      "borderColor" : "Default",
      "borderThickness" : 0,
      "children" : [ "c081dee7-b708-4388-ab37-e40f4c0a6458", "7b8d170e-c64e-4c82-8cf1-c3a9032db79e" ],
      "closeIcon" : "glyphicon-chevron-up",
      "fontFace" : "inherit",
      "fontSize" : 16,
      "fontStyle" : "normal",
      "fontWeight" : "bold",
      "heightPolicy" : "naturalSize",
      "horzGravity" : "center",
      "innerMargin" : 5,
      "name" : "AccordionLayout468",
      "openIcon" : "glyphicon-chevron-down",
      "title" : "Spaces",
      "titleBarColor" : "default",
      "type" : "AccordionLayout",
      "uuid" : "614dee6c-0881-40bc-bbdc-dea601e2ee48",
      "v" : 16,
      "vertGravity" : "center",
      "vertMargin" : 5,
      "widthPolicy" : "sizeToCell"
    }, {
      "borderColor" : "Default",
      "borderRadius" : 4,
      "borderThickness" : 0,
      "buttonBackgroundColor" : "#180469",
      "buttonLabel" : "Edit Floor",
      "buttonLabelColor" : "platform",
      "buttonLabelSize" : 14,
      "buttonLabelStyle" : "bold",
      "h" : 60,
      "heightPolicy" : "explicit",
      "horzGravity" : "center",
      "name" : "Button274",
      "submitValue" : 100,
      "type" : "Button",
      "uuid" : "6a7a0c03-824a-4032-b5b8-faad0180eef9",
      "v" : 16,
      "vertGravity" : "center",
      "widthPolicy" : "sizeToCell"
    }, {
      "borderColor" : "Default",
      "borderThickness" : 0,
      "children" : [ "19e8490e-6f0d-4b56-9684-cebca1fc69a7", "21331039-473e-438c-a808-9f1eb7803136" ],
      "closeIcon" : "glyphicon-chevron-up",
      "fontFace" : "inherit",
      "fontSize" : 16,
      "fontStyle" : "normal",
      "fontWeight" : "bold",
      "heightPolicy" : "naturalSize",
      "horzGravity" : "center",
      "innerMargin" : 5,
      "name" : "AccordionLayout5",
      "openIcon" : "glyphicon-chevron-down",
      "title" : "Admin",
      "titleBarColor" : "default",
      "type" : "AccordionLayout",
      "uuid" : "794a0056-765c-4179-83c8-3e1536cd7215",
      "v" : 16,
      "vertGravity" : "center",
      "vertMargin" : 5,
      "widthPolicy" : "sizeToCell"
    }, {
      "binding" : "page.data.floor.name",
      "borderColor" : "Default",
      "borderRadius" : 4,
      "borderThickness" : 0,
      "defaultValue" : "",
      "heightPolicy" : "naturalSize",
      "horzGravity" : "center",
      "inputType" : "text",
      "isReadOnly" : true,
      "label" : "Floor Name",
      "name" : "InputString432",
      "optional" : true,
      "placeholder" : "",
      "type" : "InputString",
      "uuid" : "79942c56-b3e0-4d0b-b044-46246b72a54e",
      "v" : 16,
      "vertGravity" : "center",
      "widthPolicy" : "sizeToCell"
    }, {
      "borderColor" : "Default",
      "borderRadius" : 4,
      "borderThickness" : 1,
      "children" : [ "5f480d16-ad75-49d2-9c71-09eae9e82797" ],
      "heightPolicy" : "naturalSize",
      "horzGravity" : "center",
      "innerMargin" : 20,
      "name" : "VerticalLayout392",
      "type" : "VerticalLayout",
      "uuid" : "7b8d170e-c64e-4c82-8cf1-c3a9032db79e",
      "v" : 16,
      "vertGravity" : "center",
      "widthPolicy" : "sizeToCell"
    }, {
      "borderColor" : "Default",
      "borderRadius" : 4,
      "borderThickness" : 0,
      "buttonBackgroundColor" : "#180469",
      "buttonLabel" : "Back",
      "buttonLabelColor" : "platform",
      "buttonLabelSize" : 14,
      "buttonLabelStyle" : "bold",
      "glyphIcon" : "fa-fast-backward",
      "h" : 60,
      "heightPolicy" : "explicit",
      "horzGravity" : "center",
      "name" : "Button537",
      "submitValue" : 100,
      "type" : "Button",
      "uuid" : "832c98d9-b2c8-4773-a8e6-cfd0d59f5502",
      "v" : 16,
      "vertGravity" : "center",
      "widthPolicy" : "sizeToCell"
    }, {
      "borderColor" : "Default",
      "borderRadius" : 4,
      "borderThickness" : 0,
      "clearOnDataArrive" : true,
      "dataStreamGroupedByFiltersString" : "",
      "dataStreamProperty" : "fplocation",
      "dataStreamUUID" : "f875548a-82c8-4e4e-86c2-f8e90c794011",
      "dataType" : null,
      "heightPolicy" : "naturalSize",
      "horzGravity" : "center",
      "imageHeightInLocationUnits" : 25,
      "imageWidthInLocationUnits" : 30,
      "labelProperty" : "name",
      "name" : "FloorplanViewer456",
      "naturalKey" : null,
      "operation" : "insert",
      "type" : "FloorplanViewer",
      "url" : "../../docs/images/floorplanselect.png",
      "uuid" : "8b7febf3-0b6f-4237-ba77-5d254d6f20e7",
      "v" : 16,
      "vertGravity" : "center",
      "widthPolicy" : "naturalSize"
    }, {
      "borderColor" : "Default",
      "borderRadius" : 4,
      "borderThickness" : 0,
      "fontFamily" : "inherit",
      "fontSize" : 20,
      "fontStyle" : "normal",
      "fontWeight" : "normal",
      "heightPolicy" : "naturalSize",
      "horzGravity" : "center",
      "name" : "StaticText1000",
      "text" : "Floor",
      "type" : "StaticText",
      "uuid" : "93ccbad2-519b-4ef9-8157-67f078f7a064",
      "v" : 16,
      "vertGravity" : "center",
      "widthPolicy" : "naturalSize"
    }, {
      "borderColor" : "Default",
      "borderRadius" : 4,
      "borderThickness" : 1,
      "children" : [ "c0a2d51d-7de1-403c-b17e-1e3278bde0d6", "8b7febf3-0b6f-4237-ba77-5d254d6f20e7" ],
      "heightPolicy" : "naturalSize",
      "horzGravity" : "center",
      "innerMargin" : 20,
      "name" : "VerticalLayout6335",
      "type" : "VerticalLayout",
      "uuid" : "9d21b297-3a5b-4f6e-b3de-b2debbb7c7c7",
      "v" : 16,
      "vertGravity" : "center",
      "widthPolicy" : "naturalSize",
      "x" : 610,
      "y" : 100
    }, {
      "borderColor" : "Default",
      "borderThickness" : 0,
      "children" : [ "0bb11c27-2fd7-42b0-badf-f34c5ac8f617", "ef36cc9c-3f33-49ab-8faa-154172b83794" ],
      "closeIcon" : "glyphicon-chevron-up",
      "defaultToOpen" : true,
      "fontFace" : "inherit",
      "fontSize" : 16,
      "fontStyle" : "normal",
      "fontWeight" : "bold",
      "heightPolicy" : "naturalSize",
      "horzGravity" : "center",
      "innerMargin" : 5,
      "name" : "AccordionLayout469",
      "openIcon" : "glyphicon-chevron-down",
      "title" : "Assets on this floor",
      "titleBarColor" : "default",
      "type" : "AccordionLayout",
      "uuid" : "ab800e98-6ce0-473a-8218-716b06c3d452",
      "v" : 16,
      "vertGravity" : "center",
      "vertMargin" : 5,
      "widthPolicy" : "sizeToCell"
    }, {
      "borderColor" : "Default",
      "borderRadius" : 4,
      "borderThickness" : 1,
      "children" : [ "93ccbad2-519b-4ef9-8157-67f078f7a064", "075ceab8-1b74-4d9c-b76a-cecc4c81e82b", "794a0056-765c-4179-83c8-3e1536cd7215", "0111be0a-7462-4db6-81e2-859a03d01e66", "614dee6c-0881-40bc-bbdc-dea601e2ee48", "ab800e98-6ce0-473a-8218-716b06c3d452" ],
      "heightPolicy" : "naturalSize",
      "horzGravity" : "center",
      "innerMargin" : 20,
      "name" : "VerticalLayout359",
      "type" : "VerticalLayout",
      "uuid" : "bdac0cdc-39fc-45d5-beec-c4045b1c5df3",
      "v" : 16,
      "vertGravity" : "center",
      "w" : 542,
      "widthPolicy" : "explicit",
      "x" : 50,
      "y" : 50
    }, {
      "backgroundColor" : "default",
      "borderColor" : "Default",
      "borderRadius" : 4,
      "borderThickness" : 0,
      "cellFontColor" : "default",
      "cellFontFace" : "inherit",
      "cellFontSize" : 14,
      "cellFontStyle" : "plain",
      "clearOnDataArrive" : true,
      "columnDescriptors" : [ {
        "colorRules" : null,
        "dataType" : "String",
        "propertyName" : "name",
        "selected" : false,
        "title" : "Name"
      }, {
        "buttonIcon" : "fa-times-circle",
        "buttonLabel" : "Delete",
        "colorRules" : null,
        "dataType" : "Button",
        "isLinkStyle" : true,
        "propertyName" : "ButtonDelete",
        "selected" : false,
        "title" : ""
      }, {
        "buttonIcon" : "fa-binoculars",
        "buttonLabel" : "View",
        "colorRules" : null,
        "dataType" : "Button",
        "isLinkStyle" : true,
        "propertyName" : "ButtonView",
        "selected" : false,
        "title" : ""
      } ],
      "columnSort" : true,
      "dataStreamGroupedByFiltersString" : "",
      "dataStreamUUID" : "083e9e8b-3576-4397-8969-e2c2410de5c7",
      "dataType" : null,
      "headerFontColor" : "default",
      "headerFontFace" : "inherit",
      "headerFontSize" : 14,
      "headerFontStyle" : "plain",
      "heightPolicy" : "naturalSize",
      "horzGravity" : "center",
      "name" : "DataTable91",
      "operation" : "insert",
      "rowsPerPage" : 15,
      "showMaximizeButton" : false,
      "showPaging" : true,
      "type" : "DataTable",
      "uuid" : "c081dee7-b708-4388-ab37-e40f4c0a6458",
      "v" : 16,
      "vertGravity" : "center",
      "w" : 500,
      "widthPolicy" : "explicit"
    }, {
      "borderColor" : "Default",
      "borderRadius" : 4,
      "borderThickness" : 0,
      "clearOnDataArrive" : true,
      "dataStreamGroupedByFiltersString" : "",
      "dataStreamProperty" : "floorplanlocation",
      "dataStreamUUID" : "083e9e8b-3576-4397-8969-e2c2410de5c7",
      "dataType" : null,
      "heightPolicy" : "naturalSize",
      "horzGravity" : "center",
      "imageHeightInLocationUnits" : 25,
      "imageWidthInLocationUnits" : 30,
      "labelProperty" : "name",
      "name" : "FloorplanViewer9",
      "naturalKey" : null,
      "operation" : "insert",
      "type" : "FloorplanViewer",
      "url" : "../../docs/images/floorplanselect.png",
      "uuid" : "c0a2d51d-7de1-403c-b17e-1e3278bde0d6",
      "v" : 16,
      "vertGravity" : "center",
      "widthPolicy" : "naturalSize"
    }, {
      "borderColor" : "Default",
      "borderRadius" : 4,
      "borderThickness" : 1,
      "children" : [ "fd817895-d204-4916-8f5b-13490632f37f" ],
      "heightPolicy" : "naturalSize",
      "horzGravity" : "center",
      "innerMargin" : 20,
      "name" : "HorizontalLayout9803",
      "type" : "HorizontalLayout",
      "uuid" : "ef36cc9c-3f33-49ab-8faa-154172b83794",
      "v" : 16,
      "vertGravity" : "center",
      "widthPolicy" : "sizeToCell"
    }, {
      "borderColor" : "Default",
      "borderRadius" : 4,
      "borderThickness" : 0,
      "buttonBackgroundColor" : "#180469",
      "buttonLabel" : "Add Asset",
      "buttonLabelColor" : "platform",
      "buttonLabelSize" : 14,
      "buttonLabelStyle" : "bold",
      "h" : 60,
      "heightPolicy" : "explicit",
      "horzGravity" : "center",
      "name" : "Button9048",
      "submitValue" : 100,
      "type" : "Button",
      "uuid" : "fd817895-d204-4916-8f5b-13490632f37f",
      "v" : 16,
      "vertGravity" : "center",
      "widthPolicy" : "sizeToCell"
    } ]
  },
  "data" : {
    "properties" : {
      "floor" : {
        "defaultLabel" : "floor",
        "type" : "TypedObject",
        "typedObject" : {
          "properties" : {
            "buildingid" : {
              "defaultLabel" : "buildingid",
              "defaultValue" : "",
              "type" : "String"
            },
            "floorplan" : {
              "defaultLabel" : "floorplan",
              "defaultValue" : "",
              "type" : "String"
            },
            "id" : {
              "defaultLabel" : "id",
              "defaultValue" : "",
              "type" : "String"
            },
            "location" : {
              "defaultLabel" : "location",
              "type" : "GeoJSON"
            },
            "name" : {
              "defaultLabel" : "name",
              "defaultValue" : "",
              "type" : "String"
            }
          },
          "type" : "floors"
        }
      },
      "planFilter" : {
        "defaultLabel" : "planFilter",
        "defaultValue" : "assets",
        "type" : "String"
      }
    }
  },
  "footerChildren" : [ ],
  "hasFooter" : false,
  "layoutType" : "browser",
  "responseTopic" : ""
}