{
  "bodyChildren" : {
    "rootArray" : [ "efa9e953-d1b9-40ac-adc9-de8c5b130ca4" ],
    "widgets" : [ {
      "borderColor" : "Default",
      "borderRadius" : 4,
      "borderThickness" : 0,
      "fontFamily" : "inherit",
      "fontSize" : 20,
      "fontStyle" : "normal",
      "fontWeight" : "normal",
      "heightPolicy" : "naturalSize",
      "horzGravity" : "left",
      "name" : "StaticText20470",
      "text" : "Role",
      "type" : "StaticText",
      "uuid" : "27d4b18d-c08b-4bba-b7b8-02d0f0b4fd68",
      "v" : 16,
      "vertGravity" : "center",
      "widthPolicy" : "naturalSize"
    }, {
      "borderColor" : "Default",
      "borderRadius" : 4,
      "borderThickness" : 0,
      "children" : [ "27d4b18d-c08b-4bba-b7b8-02d0f0b4fd68", "90be6f00-214a-46bd-93d9-17b63be3088f", "4681807a-deb4-4d14-871e-18ef4d343323" ],
      "heightPolicy" : "sizeToCell",
      "horzGravity" : "left",
      "innerMargin" : 20,
      "name" : "VerticalLayout16056",
      "type" : "VerticalLayout",
      "uuid" : "3fadcb7a-9883-47c6-9a85-c384068853ba",
      "v" : 16,
      "vertGravity" : "top",
      "vertWeight" : 1,
      "widthPolicy" : "naturalSize"
    }, {
      "borderColor" : "Default",
      "borderRadius" : 4,
      "borderThickness" : 0,
      "buttonBackgroundColor" : "#180469",
      "buttonLabel" : "Add Role",
      "buttonLabelColor" : "platform",
      "buttonLabelSize" : 14,
      "buttonLabelStyle" : "bold",
      "h" : 60,
      "heightPolicy" : "explicit",
      "horzGravity" : "center",
      "name" : "Button6074",
      "submitValue" : 100,
      "type" : "Button",
      "uuid" : "4681807a-deb4-4d14-871e-18ef4d343323",
      "v" : 16,
      "vertGravity" : "center",
      "widthPolicy" : "sizeToCell"
    }, {
      "backgroundColor" : "default",
      "borderColor" : "Default",
      "borderRadius" : 4,
      "borderThickness" : 0,
      "cellFontColor" : "default",
      "cellFontFace" : "inherit",
      "cellFontSize" : 14,
      "cellFontStyle" : "plain",
      "clearOnDataArrive" : true,
      "columnDescriptors" : [ {
        "colorRules" : null,
        "dataType" : "String",
        "propertyName" : "name",
        "selected" : false,
        "title" : "Name"
      }, {
        "buttonIcon" : "fa-pencil-square-o",
        "buttonLabel" : "Edit",
        "colorRules" : null,
        "dataType" : "Button",
        "isLinkStyle" : true,
        "propertyName" : "ButtonEdit",
        "selected" : false,
        "title" : ""
      } ],
      "columnSort" : true,
      "dataStreamGroupedByFiltersString" : "",
      "dataStreamUUID" : "1d77fd74-c1ed-4886-89bc-a9b1f45cb7d0",
      "dataType" : null,
      "headerFontColor" : "default",
      "headerFontFace" : "inherit",
      "headerFontSize" : 14,
      "headerFontStyle" : "plain",
      "heightPolicy" : "naturalSize",
      "horzGravity" : "left",
      "name" : "DataTable1398",
      "operation" : "insert",
      "rowsPerPage" : 18,
      "showMaximizeButton" : false,
      "showPaging" : true,
      "type" : "DataTable",
      "uuid" : "90be6f00-214a-46bd-93d9-17b63be3088f",
      "v" : 16,
      "vertGravity" : "top",
      "vertWeight" : 1,
      "w" : 600,
      "widthPolicy" : "explicit"
    }, {
      "borderColor" : "Default",
      "borderRadius" : 4,
      "borderThickness" : 1,
      "children" : [ "3fadcb7a-9883-47c6-9a85-c384068853ba" ],
      "column" : 0,
      "heightPolicy" : "sizeToCell",
      "horzGravity" : "center",
      "innerMargin" : 20,
      "name" : "VerticalLayout7179",
      "row" : 0,
      "type" : "VerticalLayout",
      "uuid" : "efa9e953-d1b9-40ac-adc9-de8c5b130ca4",
      "v" : 16,
      "vertGravity" : "center",
      "widthPolicy" : "sizeToCell"
    } ]
  },
  "data" : {
    "properties" : { }
  },
  "footerChildren" : [ ],
  "hasFooter" : false,
  "layoutType" : "single",
  "responseTopic" : ""
}