{
  "bodyChildren" : {
    "rootArray" : [ "d0d894c7-f473-442e-8186-63448097ef43" ],
    "widgets" : [ {
      "borderColor" : "Default",
      "borderRadius" : 4,
      "borderThickness" : 1,
      "children" : [ "55470062-9e56-4d42-8fc2-f7f39d0dfd14", "69f736a9-df73-46da-8783-4fd42b37d38d" ],
      "heightPolicy" : "sizeToCell",
      "horzGravity" : "left",
      "innerMargin" : 20,
      "name" : "VerticalLayout16408",
      "type" : "VerticalLayout",
      "uuid" : "45e99973-616b-4e5f-8584-00c10c68e684",
      "v" : 16,
      "vertGravity" : "center",
      "widthPolicy" : "naturalSize"
    }, {
      "backgroundColor" : "default",
      "borderColor" : "Default",
      "borderRadius" : 4,
      "borderThickness" : 0,
      "cellFontColor" : "default",
      "cellFontFace" : "inherit",
      "cellFontSize" : 14,
      "cellFontStyle" : "plain",
      "clearOnDataArrive" : true,
      "columnDescriptors" : [ {
        "colorRules" : null,
        "dataType" : "String",
        "propertyName" : "name",
        "selected" : false,
        "title" : "name"
      }, {
        "buttonIcon" : "fa-edit",
        "buttonLabel" : "Edit",
        "colorRules" : null,
        "dataType" : "Button",
        "isLinkStyle" : true,
        "propertyName" : "ButtonEdit",
        "selected" : false,
        "title" : ""
      } ],
      "columnSort" : true,
      "dataStreamGroupedByFiltersString" : "",
      "dataStreamUUID" : "1aea87e2-1692-45eb-892e-cd169ac4a092",
      "dataType" : null,
      "headerFontColor" : "default",
      "headerFontFace" : "inherit",
      "headerFontSize" : 14,
      "headerFontStyle" : "plain",
      "heightPolicy" : "naturalSize",
      "horzGravity" : "center",
      "name" : "DataTable3444",
      "operation" : "insert",
      "rowsPerPage" : 15,
      "showPaging" : true,
      "type" : "DataTable",
      "uuid" : "55470062-9e56-4d42-8fc2-f7f39d0dfd14",
      "v" : 16,
      "vertGravity" : "top",
      "w" : 500,
      "widthPolicy" : "explicit"
    }, {
      "borderColor" : "Default",
      "borderRadius" : 4,
      "borderThickness" : 0,
      "buttonBackgroundColor" : "platform",
      "buttonLabel" : "Add Sensor Manufacturer",
      "buttonLabelColor" : "platform",
      "buttonLabelSize" : 14,
      "buttonLabelStyle" : "bold",
      "h" : 60,
      "heightPolicy" : "explicit",
      "horzGravity" : "center",
      "name" : "Button11312",
      "submitValue" : 100,
      "type" : "Button",
      "uuid" : "69f736a9-df73-46da-8783-4fd42b37d38d",
      "v" : 16,
      "vertGravity" : "bottom",
      "widthPolicy" : "sizeToCell"
    }, {
      "borderColor" : "Default",
      "borderRadius" : 4,
      "borderThickness" : 0,
      "children" : [ "45e99973-616b-4e5f-8584-00c10c68e684" ],
      "column" : 0,
      "heightPolicy" : "sizeToCell",
      "horzGravity" : "center",
      "innerMargin" : 20,
      "name" : "HorizontalLayout23194",
      "row" : 0,
      "type" : "HorizontalLayout",
      "uuid" : "d0d894c7-f473-442e-8186-63448097ef43",
      "v" : 16,
      "vertGravity" : "center",
      "widthPolicy" : "sizeToCell"
    } ]
  },
  "data" : {
    "properties" : { }
  },
  "footerChildren" : [ ],
  "hasFooter" : false,
  "layoutType" : "single",
  "responseTopic" : ""
}