{
  "bodyChildren" : {
    "rootArray" : [ "bd26f682-6623-4198-b91b-6318167faaad" ],
    "widgets" : [ {
      "borderColor" : "Default",
      "borderRadius" : 4,
      "borderThickness" : 0,
      "default" : null,
      "enumeratedList" : [ ],
      "heightPolicy" : "naturalSize",
      "horzGravity" : "center",
      "horzWeight" : 1,
      "label" : "Type",
      "name" : "Droplist2167",
      "type" : "Droplist",
      "uuid" : "14c3bc02-e57e-4cdb-818c-f40fb4b5bc76",
      "v" : 16,
      "vertGravity" : "center",
      "widthPolicy" : "sizeToCell"
    }, {
      "borderColor" : "Default",
      "borderRadius" : 4,
      "borderThickness" : 0,
      "default" : null,
      "enumeratedList" : [ ],
      "heightPolicy" : "naturalSize",
      "horzGravity" : "center",
      "horzWeight" : 1,
      "label" : "Manufacturer",
      "name" : "Droplist2252",
      "type" : "Droplist",
      "uuid" : "20bd08d1-8c94-4f87-8baf-056217282d8e",
      "v" : 16,
      "vertGravity" : "center",
      "widthPolicy" : "sizeToCell"
    }, {
      "borderColor" : "Default",
      "borderRadius" : 4,
      "borderThickness" : 1,
      "children" : [ "14c3bc02-e57e-4cdb-818c-f40fb4b5bc76", "20bd08d1-8c94-4f87-8baf-056217282d8e", "5df38638-372a-4ecb-925e-23dfb5466d90" ],
      "heightPolicy" : "naturalSize",
      "horzGravity" : "center",
      "innerMargin" : 20,
      "name" : "HorizontalLayout22862",
      "type" : "HorizontalLayout",
      "uuid" : "4e431fb9-8844-4170-843f-e8f333f45f12",
      "v" : 16,
      "vertGravity" : "center",
      "widthPolicy" : "sizeToCell"
    }, {
      "borderColor" : "Default",
      "borderRadius" : 4,
      "borderThickness" : 0,
      "checkboxLabel" : "",
      "default" : false,
      "heightPolicy" : "naturalSize",
      "horzGravity" : "center",
      "label" : "Show only orphaned",
      "name" : "Checkbox104",
      "type" : "Checkbox",
      "uuid" : "5df38638-372a-4ecb-925e-23dfb5466d90",
      "v" : 16,
      "vertGravity" : "center",
      "widthPolicy" : "sizeToCell"
    }, {
      "borderColor" : "Default",
      "borderRadius" : 4,
      "borderThickness" : 0,
      "buttonBackgroundColor" : "#180469",
      "buttonLabel" : "Add Sensor",
      "buttonLabelColor" : "platform",
      "buttonLabelSize" : 14,
      "buttonLabelStyle" : "bold",
      "h" : 60,
      "heightPolicy" : "explicit",
      "horzGravity" : "center",
      "name" : "Button7735",
      "submitValue" : 100,
      "type" : "Button",
      "uuid" : "61615e44-a547-47f5-9485-112e8c1dc5e2",
      "v" : 16,
      "vertGravity" : "center",
      "widthPolicy" : "sizeToCell"
    }, {
      "borderColor" : "Default",
      "borderRadius" : 4,
      "borderThickness" : 0,
      "children" : [ "e8610bde-88d0-4be4-8911-9cb96ed46cbd" ],
      "heightPolicy" : "sizeToCell",
      "horzGravity" : "center",
      "innerMargin" : 20,
      "name" : "VerticalLayout15920",
      "type" : "VerticalLayout",
      "uuid" : "92edc1e0-6736-464c-9067-67907c4a90b4",
      "v" : 16,
      "vertGravity" : "top",
      "vertWeight" : 1,
      "widthPolicy" : "sizeToCell"
    }, {
      "borderColor" : "Default",
      "borderRadius" : 4,
      "borderThickness" : 1,
      "children" : [ "e3ed18d6-f005-4bf5-bdb4-604e88d3736a" ],
      "column" : 0,
      "heightPolicy" : "sizeToCell",
      "horzGravity" : "center",
      "innerMargin" : 20,
      "name" : "HorizontalLayout21522",
      "row" : 0,
      "type" : "HorizontalLayout",
      "uuid" : "bd26f682-6623-4198-b91b-6318167faaad",
      "v" : 16,
      "vertGravity" : "center",
      "widthPolicy" : "sizeToCell"
    }, {
      "borderColor" : "Default",
      "borderRadius" : 4,
      "borderThickness" : 0,
      "fontFamily" : "inherit",
      "fontSize" : 20,
      "fontStyle" : "normal",
      "fontWeight" : "normal",
      "heightPolicy" : "naturalSize",
      "horzGravity" : "left",
      "name" : "StaticText25052",
      "text" : "Sensors",
      "type" : "StaticText",
      "uuid" : "c41f44ca-7d4c-4da5-94fb-7d338a6f9d0f",
      "v" : 16,
      "vertGravity" : "center",
      "widthPolicy" : "naturalSize"
    }, {
      "borderColor" : "Default",
      "borderRadius" : 4,
      "borderThickness" : 1,
      "children" : [ "c41f44ca-7d4c-4da5-94fb-7d338a6f9d0f", "4e431fb9-8844-4170-843f-e8f333f45f12", "92edc1e0-6736-464c-9067-67907c4a90b4", "61615e44-a547-47f5-9485-112e8c1dc5e2" ],
      "column" : 0,
      "heightPolicy" : "sizeToCell",
      "horzGravity" : "left",
      "innerMargin" : 20,
      "name" : "VerticalLayout8637",
      "row" : 0,
      "type" : "VerticalLayout",
      "uuid" : "e3ed18d6-f005-4bf5-bdb4-604e88d3736a",
      "v" : 16,
      "vertGravity" : "center",
      "w" : 1067.140625,
      "widthPolicy" : "explicit"
    }, {
      "backgroundColor" : "default",
      "borderColor" : "Default",
      "borderRadius" : 4,
      "borderThickness" : 0,
      "cellFontColor" : "default",
      "cellFontFace" : "inherit",
      "cellFontSize" : 14,
      "cellFontStyle" : "plain",
      "clearOnDataArrive" : true,
      "columnDescriptors" : [ {
        "colorRules" : null,
        "dataType" : "String",
        "propertyName" : "id",
        "selected" : false,
        "title" : "Id"
      }, {
        "colorRules" : null,
        "dataType" : "String",
        "propertyName" : "manufacturer",
        "selected" : false,
        "title" : "manufacturer"
      }, {
        "colorRules" : null,
        "dataType" : "String",
        "propertyName" : "type",
        "selected" : false,
        "title" : "Type"
      }, {
        "buttonIcon" : "fa-close",
        "buttonLabel" : "Delete",
        "colorRules" : null,
        "dataType" : "Button",
        "isLinkStyle" : true,
        "propertyName" : "ButtonDelete",
        "selected" : false,
        "title" : ""
      }, {
        "buttonIcon" : "fa-edit",
        "buttonLabel" : "Edit",
        "colorRules" : null,
        "dataType" : "Button",
        "isLinkStyle" : true,
        "propertyName" : "ButtonEdit",
        "selected" : false,
        "title" : ""
      }, {
        "buttonIcon" : "fa-binoculars",
        "buttonLabel" : "View",
        "colorRules" : null,
        "dataType" : "Button",
        "isLinkStyle" : true,
        "propertyName" : "ButtonView",
        "selected" : false,
        "title" : ""
      } ],
      "columnSort" : true,
      "dataStreamGroupedByFiltersString" : "",
      "dataStreamUUID" : "384991b9-5abf-4425-99e0-7df412be6dfb",
      "dataType" : null,
      "headerFontColor" : "default",
      "headerFontFace" : "inherit",
      "headerFontSize" : 14,
      "headerFontStyle" : "plain",
      "heightPolicy" : "naturalSize",
      "horzGravity" : "center",
      "name" : "DataTable1825",
      "operation" : "insert",
      "rowsPerPage" : 18,
      "showMaximizeButton" : false,
      "showPaging" : true,
      "type" : "DataTable",
      "uuid" : "e8610bde-88d0-4be4-8911-9cb96ed46cbd",
      "v" : 16,
      "vertGravity" : "top",
      "widthPolicy" : "sizeToCell"
    } ]
  },
  "data" : {
    "properties" : {
      "manufacturer" : {
        "defaultLabel" : "manufacturer",
        "defaultValue" : "",
        "type" : "String"
      },
      "type" : {
        "defaultLabel" : "type",
        "defaultValue" : "",
        "type" : "String"
      }
    }
  },
  "footerChildren" : [ ],
  "hasFooter" : false,
  "layoutType" : "single",
  "responseTopic" : ""
}