{
  "bodyChildren" : {
    "rootArray" : [ "ff95af66-56e4-4491-854a-33aade6a95a6" ],
    "widgets" : [ {
      "binding" : "page.data.floorid",
      "borderColor" : "Default",
      "borderRadius" : 4,
      "borderThickness" : 0,
      "default" : null,
      "enumeratedList" : [ ],
      "heightPolicy" : "naturalSize",
      "horzGravity" : "center",
      "label" : "@text.floor",
      "name" : "Droplist975",
      "type" : "Droplist",
      "uuid" : "1e7a53dc-92a6-46c6-9611-a8fe0064b059",
      "v" : 16,
      "vertGravity" : "center",
      "widthPolicy" : "sizeToCell"
    }, {
      "backgroundColor" : "default",
      "borderColor" : "Default",
      "borderRadius" : 4,
      "borderThickness" : 0,
      "cellFontColor" : "default",
      "cellFontFace" : "inherit",
      "cellFontSize" : 14,
      "cellFontStyle" : "plain",
      "clearOnDataArrive" : true,
      "columnDescriptors" : [ {
        "colorRules" : null,
        "dataType" : "String",
        "propertyName" : "name",
        "selected" : false,
        "title" : "@text.name"
      }, {
        "colorRules" : null,
        "dataType" : "String",
        "propertyName" : "id",
        "selected" : false,
        "title" : "@text.id"
      }, {
        "colorRules" : null,
        "dataType" : "String",
        "propertyName" : "type",
        "selected" : false,
        "title" : "@text.type"
      }, {
        "buttonIcon" : "fa-times-circle",
        "buttonLabel" : "@button.delete",
        "colorRules" : null,
        "dataType" : "Button",
        "isLinkStyle" : true,
        "propertyName" : "ButtonDelete",
        "selected" : false,
        "title" : ""
      }, {
        "buttonIcon" : "fa-binoculars",
        "buttonLabel" : "@button.view",
        "colorRules" : null,
        "dataType" : "Button",
        "isLinkStyle" : true,
        "propertyName" : "ButtonView",
        "selected" : false,
        "title" : ""
      } ],
      "columnSort" : true,
      "dataStreamGroupedByFiltersString" : "",
      "dataStreamUUID" : "443ed2a8-ac29-4e1f-a671-92089a524fa9",
      "dataType" : null,
      "headerFontColor" : "default",
      "headerFontFace" : "inherit",
      "headerFontSize" : 14,
      "headerFontStyle" : "plain",
      "heightPolicy" : "naturalSize",
      "horzGravity" : "center",
      "name" : "DataTable394",
      "operation" : "insert",
      "rowsPerPage" : 15,
      "showMaximizeButton" : false,
      "showPaging" : true,
      "type" : "DataTable",
      "uuid" : "22c99017-5cc6-40ca-866a-2f5cf512301c",
      "v" : 16,
      "vertGravity" : "center",
      "widthPolicy" : "sizeToCell"
    }, {
      "borderColor" : "Default",
      "borderRadius" : 4,
      "borderThickness" : 0,
      "fontFamily" : "inherit",
      "fontSize" : 20,
      "fontStyle" : "normal",
      "fontWeight" : "normal",
      "heightPolicy" : "naturalSize",
      "horzGravity" : "left",
      "name" : "StaticText4076",
      "text" : "@text.assets",
      "type" : "StaticText",
      "uuid" : "3d5be275-e93b-4f8e-8f70-124f065ab44e",
      "v" : 16,
      "vertGravity" : "center",
      "widthPolicy" : "naturalSize"
    }, {
      "borderColor" : "Default",
      "borderRadius" : 4,
      "borderThickness" : 1,
      "children" : [ "3d5be275-e93b-4f8e-8f70-124f065ab44e", "4ccc0f7a-b44d-410a-8228-f7baf02c518e", "9662bed2-a191-444d-a5e5-0053fdbdee54", "a9136432-0d93-41f1-8a99-ee7f0905af91" ],
      "column" : 0,
      "heightPolicy" : "sizeToCell",
      "horzGravity" : "left",
      "innerMargin" : 20,
      "name" : "VerticalLayout1515",
      "row" : 0,
      "type" : "VerticalLayout",
      "uuid" : "3e19a71d-abcd-4c3e-8a87-ed80ad8c617b",
      "v" : 16,
      "vertGravity" : "center",
      "w" : 976,
      "widthPolicy" : "explicit"
    }, {
      "binding" : "page.data.assettype",
      "borderColor" : "Default",
      "borderRadius" : 4,
      "borderThickness" : 0,
      "default" : null,
      "enumeratedList" : [ ],
      "heightPolicy" : "naturalSize",
      "horzGravity" : "center",
      "label" : "@text.assettype",
      "name" : "Droplist1939",
      "type" : "Droplist",
      "uuid" : "4b3adf33-78dd-48c5-9695-3602020139c5",
      "v" : 16,
      "vertGravity" : "center",
      "widthPolicy" : "sizeToCell"
    }, {
      "borderColor" : "Default",
      "borderRadius" : 4,
      "borderThickness" : 0,
      "children" : [ "694cf111-c553-4168-82c9-fb1181be82c6", "1e7a53dc-92a6-46c6-9611-a8fe0064b059", "4b3adf33-78dd-48c5-9695-3602020139c5" ],
      "heightPolicy" : "naturalSize",
      "horzGravity" : "center",
      "innerMargin" : 20,
      "name" : "HorizontalLayout6836",
      "type" : "HorizontalLayout",
      "uuid" : "4ccc0f7a-b44d-410a-8228-f7baf02c518e",
      "v" : 16,
      "vertGravity" : "top",
      "widthPolicy" : "sizeToCell"
    }, {
      "binding" : "page.data.buildingid",
      "borderColor" : "Default",
      "borderRadius" : 4,
      "borderThickness" : 0,
      "default" : null,
      "enumeratedList" : [ ],
      "heightPolicy" : "naturalSize",
      "horzGravity" : "center",
      "label" : "@text.building",
      "name" : "Droplist974",
      "type" : "Droplist",
      "uuid" : "694cf111-c553-4168-82c9-fb1181be82c6",
      "v" : 16,
      "vertGravity" : "center",
      "widthPolicy" : "sizeToCell"
    }, {
      "borderColor" : "Default",
      "borderRadius" : 4,
      "borderThickness" : 0,
      "children" : [ "22c99017-5cc6-40ca-866a-2f5cf512301c" ],
      "heightPolicy" : "naturalSize",
      "horzGravity" : "center",
      "innerMargin" : 20,
      "name" : "VerticalLayout15787",
      "type" : "VerticalLayout",
      "uuid" : "9662bed2-a191-444d-a5e5-0053fdbdee54",
      "v" : 16,
      "vertGravity" : "top",
      "vertWeight" : 1,
      "widthPolicy" : "sizeToCell"
    }, {
      "borderColor" : "Default",
      "borderRadius" : 4,
      "borderThickness" : 0,
      "buttonBackgroundColor" : "#001a80",
      "buttonLabel" : "@button.label.addasset",
      "buttonLabelColor" : "platform",
      "buttonLabelSize" : 14,
      "buttonLabelStyle" : "bold",
      "h" : 66,
      "heightPolicy" : "explicit",
      "horzGravity" : "center",
      "name" : "Button1129",
      "submitValue" : 100,
      "type" : "Button",
      "uuid" : "a9136432-0d93-41f1-8a99-ee7f0905af91",
      "v" : 16,
      "vertGravity" : "center",
      "widthPolicy" : "sizeToCell"
    }, {
      "borderColor" : "Default",
      "borderRadius" : 4,
      "borderThickness" : 1,
      "children" : [ "3e19a71d-abcd-4c3e-8a87-ed80ad8c617b" ],
      "column" : 0,
      "heightPolicy" : "sizeToCell",
      "horzGravity" : "center",
      "innerMargin" : 20,
      "name" : "HorizontalLayout22623",
      "row" : 0,
      "type" : "HorizontalLayout",
      "uuid" : "ff95af66-56e4-4491-854a-33aade6a95a6",
      "v" : 16,
      "vertGravity" : "center",
      "widthPolicy" : "sizeToCell"
    } ]
  },
  "data" : {
    "properties" : {
      "assettype" : {
        "defaultLabel" : "assettype",
        "defaultValue" : "",
        "type" : "String"
      },
      "buildingid" : {
        "defaultLabel" : "buildingid",
        "defaultValue" : "",
        "type" : "String"
      },
      "floorid" : {
        "defaultLabel" : "floorid",
        "defaultValue" : "",
        "type" : "String"
      }
    }
  },
  "footerChildren" : [ ],
  "hasFooter" : false,
  "layoutType" : "single",
  "responseTopic" : ""
}