{
  "bodyChildren" : {
    "rootArray" : [ "7dc1c356-4a98-4251-a9fc-802a4e4556bf" ],
    "widgets" : [ {
      "borderColor" : "Default",
      "borderRadius" : 4,
      "borderThickness" : 0,
      "buttonBackgroundColor" : "#00238c",
      "buttonLabel" : "@button.label.addsensorconfig",
      "buttonLabelColor" : "platform",
      "buttonLabelSize" : 14,
      "buttonLabelStyle" : "bold",
      "h" : 60,
      "heightPolicy" : "explicit",
      "horzGravity" : "center",
      "name" : "Button9267",
      "submitValue" : 100,
      "type" : "Button",
      "uuid" : "2453e417-aaba-4453-a3ff-5092a215becc",
      "v" : 16,
      "vertGravity" : "bottom",
      "widthPolicy" : "sizeToCell"
    }, {
      "borderColor" : "Default",
      "borderRadius" : 4,
      "borderThickness" : 0,
      "fontFamily" : "inherit",
      "fontSize" : 20,
      "fontStyle" : "normal",
      "fontWeight" : "normal",
      "heightPolicy" : "naturalSize",
      "horzGravity" : "left",
      "name" : "StaticText28161",
      "text" : "@label.text.sensorconfigs",
      "type" : "StaticText",
      "uuid" : "6d695488-0c8c-40f5-96b1-2b88ffb3da97",
      "v" : 16,
      "vertGravity" : "center",
      "widthPolicy" : "naturalSize"
    }, {
      "borderColor" : "Default",
      "borderRadius" : 4,
      "borderThickness" : 0,
      "children" : [ "6d695488-0c8c-40f5-96b1-2b88ffb3da97", "cc699579-296d-4d01-8f35-41b72ec7e29a", "2453e417-aaba-4453-a3ff-5092a215becc" ],
      "heightPolicy" : "sizeToCell",
      "horzGravity" : "left",
      "innerMargin" : 20,
      "name" : "VerticalLayout9920",
      "type" : "VerticalLayout",
      "uuid" : "72045fdf-bb46-404c-8ac5-03961287eae4",
      "v" : 16,
      "vertGravity" : "top",
      "widthPolicy" : "naturalSize"
    }, {
      "borderColor" : "Default",
      "borderRadius" : 4,
      "borderThickness" : 1,
      "children" : [ "72045fdf-bb46-404c-8ac5-03961287eae4" ],
      "column" : 0,
      "heightPolicy" : "sizeToCell",
      "horzGravity" : "center",
      "innerMargin" : 20,
      "name" : "VerticalLayout16200",
      "row" : 0,
      "type" : "VerticalLayout",
      "uuid" : "7dc1c356-4a98-4251-a9fc-802a4e4556bf",
      "v" : 16,
      "vertGravity" : "center",
      "widthPolicy" : "sizeToCell"
    }, {
      "backgroundColor" : "default",
      "borderColor" : "Default",
      "borderRadius" : 4,
      "borderThickness" : 0,
      "cellFontColor" : "default",
      "cellFontFace" : "inherit",
      "cellFontSize" : 14,
      "cellFontStyle" : "plain",
      "clearOnDataArrive" : true,
      "columnDescriptors" : [ {
        "colorRules" : null,
        "dataType" : "String",
        "propertyName" : "name",
        "selected" : false,
        "title" : "@text.name"
      }, {
        "colorRules" : null,
        "dataType" : "String",
        "propertyName" : "sensortypename",
        "selected" : false,
        "title" : "@text.sensortype"
      }, {
        "buttonIcon" : "fa-edit",
        "buttonLabel" : "@button.edit",
        "colorRules" : null,
        "dataType" : "Button",
        "isLinkStyle" : true,
        "propertyName" : "ButtonEdit",
        "selected" : false,
        "title" : ""
      } ],
      "columnSort" : true,
      "dataStreamGroupedByFiltersString" : "",
      "dataStreamUUID" : "42e196c6-0a98-41c0-b3b0-866a280fa416",
      "dataType" : null,
      "headerFontColor" : "default",
      "headerFontFace" : "inherit",
      "headerFontSize" : 14,
      "headerFontStyle" : "plain",
      "heightPolicy" : "naturalSize",
      "horzGravity" : "center",
      "name" : "DataTable2290",
      "operation" : "insert",
      "rowsPerPage" : 18,
      "showMaximizeButton" : false,
      "showPaging" : true,
      "type" : "DataTable",
      "uuid" : "cc699579-296d-4d01-8f35-41b72ec7e29a",
      "v" : 16,
      "vertGravity" : "top",
      "vertWeight" : 1,
      "w" : 600,
      "widthPolicy" : "explicit"
    } ]
  },
  "data" : {
    "properties" : { }
  },
  "footerChildren" : [ ],
  "hasFooter" : false,
  "layoutType" : "single",
  "responseTopic" : ""
}