{
  "active" : true,
  "appType" : true,
  "assembly" : {
    "CameraEvents" : {
      "configuration" : {
        "childStreams" : [ "HighTemp", "EarlyReturn" ],
        "enableBadging" : true,
        "inboundResource" : "types",
        "inboundResourceId" : "cameraevents",
        "op" : "INSERT",
        "outboundResource" : null,
        "outboundResourceId" : null,
        "parentStreams" : [ ],
        "schema" : "cameraevents",
        "upsert" : false
      },
      "description" : null,
      "name" : "CameraEvents",
      "pattern" : "EventStream"
    },
    "CameraNoUser" : {
      "configuration" : {
        "childStreams" : [ "TransformCamData" ],
        "enableBadging" : true,
        "inboundResource" : "topics",
        "inboundResourceId" : "/camera/thermal/reading",
        "op" : null,
        "outboundResource" : null,
        "outboundResourceId" : null,
        "parentStreams" : [ ],
        "schema" : null,
        "upsert" : false
      },
      "description" : null,
      "name" : "CameraNoUser",
      "pattern" : "EventStream"
    },
    "CameraWithUser" : {
      "configuration" : {
        "childStreams" : [ "TransformUserCamData" ],
        "enableBadging" : true,
        "inboundResource" : "topics",
        "inboundResourceId" : "/camera/thermal/userreading",
        "op" : null,
        "outboundResource" : null,
        "outboundResourceId" : null,
        "parentStreams" : [ ],
        "schema" : null,
        "upsert" : false
      },
      "description" : null,
      "name" : "CameraWithUser",
      "pattern" : "EventStream"
    },
    "EarlyReturn" : {
      "configuration" : {
        "childStreams" : null,
        "enableBadging" : true,
        "parentStreams" : [ "CameraEvents" ],
        "procedure" : "app.earlyReturn",
        "schema" : null
      },
      "description" : null,
      "name" : "EarlyReturn",
      "pattern" : "Procedure"
    },
    "Guest" : {
      "configuration" : {
        "childStreams" : [ "HighBodyTemp" ],
        "condition" : "has(event, \"userId\") == false",
        "enableBadging" : true,
        "outboundResource" : null,
        "outboundResourceId" : null,
        "parentStreams" : [ "HighTemp" ],
        "upsert" : false
      },
      "description" : null,
      "name" : "Guest",
      "pattern" : "Filter"
    },
    "HighBodyTemp" : {
      "configuration" : {
        "collaboration" : "HighBodyTemp",
        "enableBadging" : true,
        "entityConstraint" : "uuid == event.uuid",
        "entityType" : "cameraevents",
        "parentStreams" : [ "Guest" ]
      },
      "description" : null,
      "name" : "HighBodyTemp",
      "pattern" : "StartCollaboration"
    },
    "HighTemp" : {
      "configuration" : {
        "childStreams" : [ "Personnel", "Guest" ],
        "condition" : "event.temperature > 98.8",
        "enableBadging" : true,
        "outboundResource" : null,
        "outboundResourceId" : null,
        "parentStreams" : [ "CameraEvents" ],
        "upsert" : false
      },
      "description" : null,
      "name" : "HighTemp",
      "pattern" : "Filter"
    },
    "Personnel" : {
      "configuration" : {
        "childStreams" : [ "PersonnelHighTemp" ],
        "condition" : "has(event, \"userId\")",
        "enableBadging" : true,
        "outboundResource" : null,
        "outboundResourceId" : null,
        "parentStreams" : [ "HighTemp" ],
        "upsert" : false
      },
      "description" : null,
      "name" : "Personnel",
      "pattern" : "Filter"
    },
    "PersonnelHighTemp" : {
      "configuration" : {
        "collaboration" : "PersonnelHighTemp",
        "enableBadging" : true,
        "entityConstraint" : "meta.giconnect_userId == event.userId",
        "entityType" : "personnel",
        "parentStreams" : [ "Personnel" ]
      },
      "description" : null,
      "name" : "PersonnelHighTemp",
      "pattern" : "StartCollaboration"
    },
    "SaveEvent" : {
      "configuration" : {
        "childStreams" : null,
        "enableBadging" : true,
        "parentStreams" : [ "TransformCamData", "TransformUserCamData" ],
        "type" : "cameraevents",
        "upsert" : false
      },
      "description" : null,
      "name" : "SaveEvent",
      "pattern" : "SaveToType"
    },
    "TransformCamData" : {
      "configuration" : {
        "childStreams" : [ "SaveEvent" ],
        "enableBadging" : true,
        "parentStreams" : [ "CameraNoUser" ],
        "procedure" : "app.transformCamJSON",
        "schema" : null
      },
      "description" : null,
      "name" : "TransformCamData",
      "pattern" : "Procedure"
    },
    "TransformUserCamData" : {
      "configuration" : {
        "childStreams" : [ "SaveEvent" ],
        "enableBadging" : true,
        "parentStreams" : [ "CameraWithUser" ],
        "procedure" : "app.transformUserCamJSON",
        "schema" : null
      },
      "description" : null,
      "name" : "TransformUserCamData",
      "pattern" : "Procedure"
    }
  },
  "collaboratorRoles" : [ ],
  "currentState" : {
    "code" : "success"
  },
  "description" : "",
  "disableBadging" : false,
  "entityRoles" : [ ],
  "keyTypes" : [ "system.collaborations" ],
  "name" : "CameraFeed"
}