{
  "active" : true,
  "appType" : false,
  "assembly" : {
    "Asset" : {
      "additionalBehaviors" : [ ],
      "cancellationCondition" : [ ],
      "completionCondition" : [ ],
      "configuration" : {
        "enableBadging" : true,
        "roleName" : "asset",
        "roleType" : "entity"
      },
      "continuationCondition" : [ ],
      "description" : null,
      "instanceParameters" : [ "cameraevent", "floor", "building", "asset", "sensor", "space", "floorplan" ],
      "name" : "Asset",
      "pattern" : "Assignment"
    },
    "Building" : {
      "additionalBehaviors" : [ {
        "behaviors" : [ {
          "description" : null,
          "name" : "FindSecurityPersonnel",
          "parameters" : [ {
            "name" : "collaboration",
            "type" : "reference",
            "value" : "collaboration"
          }, {
            "multi" : true,
            "name" : "parameters",
            "type" : "Any",
            "value" : [ ]
          } ],
          "type" : "activity"
        } ],
        "condition" : "true",
        "description" : null,
        "name" : null
      } ],
      "cancellationCondition" : [ ],
      "completionCondition" : [ ],
      "configuration" : {
        "enableBadging" : true,
        "roleName" : "building",
        "roleType" : "entity"
      },
      "continuationCondition" : [ ],
      "description" : null,
      "instanceParameters" : [ "cameraevent", "floor", "building", "asset", "sensor", "space", "floorplan" ],
      "name" : "Building",
      "pattern" : "Assignment"
    },
    "FindSecurityPersonnel" : {
      "additionalBehaviors" : [ {
        "behaviors" : [ {
          "description" : null,
          "name" : "NotifySecurity",
          "parameters" : [ {
            "name" : "collaboration",
            "type" : "reference",
            "value" : "collaboration"
          }, {
            "name" : "users",
            "type" : "expression",
            "value" : "collaboration.results.FindSecurityPersonnel.result"
          } ],
          "type" : "activity"
        } ],
        "condition" : "true",
        "description" : null,
        "name" : null
      } ],
      "cancellationCondition" : [ ],
      "completionCondition" : [ ],
      "configuration" : {
        "enableBadging" : true,
        "serviceName" : "collab.findSecurityPersonnel"
      },
      "continuationCondition" : [ ],
      "description" : null,
      "instanceParameters" : [ "cameraevent", "floor", "building", "asset", "sensor", "space", "floorplan" ],
      "name" : "FindSecurityPersonnel",
      "pattern" : "Execute"
    },
    "Floor" : {
      "additionalBehaviors" : [ ],
      "cancellationCondition" : [ ],
      "completionCondition" : [ ],
      "configuration" : {
        "enableBadging" : true,
        "roleName" : "floor",
        "roleType" : "entity"
      },
      "continuationCondition" : [ ],
      "description" : null,
      "instanceParameters" : [ "cameraevent", "floor", "building", "asset", "sensor", "space", "floorplan" ],
      "name" : "Floor",
      "pattern" : "Assignment"
    },
    "Floorplan" : {
      "additionalBehaviors" : [ ],
      "cancellationCondition" : [ ],
      "completionCondition" : [ ],
      "configuration" : {
        "enableBadging" : true,
        "roleName" : "floorplan",
        "roleType" : "entity"
      },
      "continuationCondition" : [ ],
      "description" : null,
      "instanceParameters" : [ "cameraevent", "floor", "building", "asset", "sensor", "space", "floorplan" ],
      "name" : "Floorplan",
      "pattern" : "Assignment"
    },
    "GetSpatialHierarchy" : {
      "additionalBehaviors" : [ {
        "behaviors" : [ {
          "description" : null,
          "name" : "Sensor",
          "parameters" : [ {
            "name" : "collaboration",
            "type" : "reference",
            "value" : "collaboration"
          }, {
            "name" : "value",
            "type" : "expression",
            "value" : "collaboration.results.GetSpatialHierarchy.result.sensorREF"
          } ],
          "type" : "activity"
        }, {
          "description" : null,
          "name" : "Asset",
          "parameters" : [ {
            "name" : "collaboration",
            "type" : "reference",
            "value" : "collaboration"
          }, {
            "name" : "value",
            "type" : "expression",
            "value" : "collaboration.results.GetSpatialHierarchy.result.assetREF"
          } ],
          "type" : "activity"
        }, {
          "description" : null,
          "name" : "Floor",
          "parameters" : [ {
            "name" : "collaboration",
            "type" : "reference",
            "value" : "collaboration"
          }, {
            "name" : "value",
            "type" : "expression",
            "value" : "collaboration.results.GetSpatialHierarchy.result.floorsREF"
          } ],
          "type" : "activity"
        }, {
          "description" : null,
          "name" : "Floorplan",
          "parameters" : [ {
            "name" : "collaboration",
            "type" : "reference",
            "value" : "collaboration"
          }, {
            "name" : "value",
            "type" : "expression",
            "value" : "collaboration.results.GetSpatialHierarchy.result.floorplanREF"
          } ],
          "type" : "activity"
        }, {
          "description" : null,
          "name" : "Space",
          "parameters" : [ {
            "name" : "collaboration",
            "type" : "reference",
            "value" : "collaboration"
          }, {
            "name" : "value",
            "type" : "expression",
            "value" : "collaboration.results.GetSpatialHierarchy.result.spaceREF"
          } ],
          "type" : "activity"
        }, {
          "description" : null,
          "name" : "Building",
          "parameters" : [ {
            "name" : "collaboration",
            "type" : "reference",
            "value" : "collaboration"
          }, {
            "name" : "value",
            "type" : "expression",
            "value" : "collaboration.results.GetSpatialHierarchy.result.buildingsREF"
          } ],
          "type" : "activity"
        } ],
        "condition" : "true",
        "description" : null,
        "name" : null
      } ],
      "cancellationCondition" : [ ],
      "completionCondition" : [ ],
      "configuration" : {
        "enableBadging" : true,
        "serviceName" : "collab.getHierarchyFromSensorId"
      },
      "continuationCondition" : [ ],
      "description" : null,
      "instanceParameters" : [ "cameraevent", "floor", "building", "asset", "sensor", "space", "floorplan" ],
      "name" : "GetSpatialHierarchy",
      "pattern" : "Execute"
    },
    "Initiate" : {
      "additionalBehaviors" : [ {
        "behaviors" : [ {
          "description" : null,
          "name" : "GetSpatialHierarchy",
          "parameters" : [ {
            "name" : "collaboration",
            "type" : "reference",
            "value" : "collaboration"
          }, {
            "multi" : true,
            "name" : "parameters",
            "type" : "mixed",
            "value" : [ {
              "type" : "expression",
              "value" : "collaboration.results.Initiate.event.deviceid"
            }, {
              "type" : "expression",
              "value" : "\"Temperature\""
            } ]
          } ],
          "type" : "activity"
        } ],
        "condition" : "true",
        "description" : null,
        "name" : null
      } ],
      "cancellationCondition" : [ ],
      "completionCondition" : [ ],
      "configuration" : {
        "enableBadging" : true,
        "entityRole" : "cameraevent",
        "initialTrigger" : "WHEN INSERT OCCURS ON ArsSituation AS situation WHERE situation.name == \"HighBodyTemp\""
      },
      "continuationCondition" : [ ],
      "description" : null,
      "instanceParameters" : [ "cameraevent", "floor", "building", "asset", "sensor", "space", "floorplan" ],
      "name" : "Initiate",
      "pattern" : "InitiateCollaboration"
    },
    "NotifySecurity" : {
      "additionalBehaviors" : [ ],
      "cancellationCondition" : [ ],
      "completionCondition" : [ ],
      "configuration" : {
        "body" : "Location: ${space.name}, ${floor.name} - ${building.name}",
        "clientName" : "HighBodyTempNotification",
        "enableBadging" : true,
        "firstResponseBehaviors" : [ ],
        "pushSourceName" : null,
        "responseBehaviors" : [ {
          "behaviors" : [ {
            "description" : null,
            "name" : "CollaborationUtils.closeCollaboration",
            "parameters" : [ {
              "name" : "collaborationId",
              "type" : "expression",
              "value" : "collaboration.id"
            } ],
            "type" : "service"
          } ],
          "condition" : "true",
          "description" : null,
          "name" : "response"
        } ],
        "title" : "High Body Temp Alert"
      },
      "continuationCondition" : [ ],
      "description" : null,
      "instanceParameters" : [ "cameraevent", "floor", "building", "asset", "sensor", "space", "floorplan" ],
      "name" : "NotifySecurity",
      "pattern" : "Notification"
    },
    "Sensor" : {
      "additionalBehaviors" : [ ],
      "cancellationCondition" : [ ],
      "completionCondition" : [ ],
      "configuration" : {
        "enableBadging" : true,
        "roleName" : "sensor",
        "roleType" : "entity"
      },
      "continuationCondition" : [ ],
      "description" : null,
      "instanceParameters" : [ "cameraevent", "floor", "building", "asset", "sensor", "space", "floorplan" ],
      "name" : "Sensor",
      "pattern" : "Assignment"
    },
    "Space" : {
      "additionalBehaviors" : [ ],
      "cancellationCondition" : [ ],
      "completionCondition" : [ ],
      "configuration" : {
        "enableBadging" : true,
        "roleName" : "space",
        "roleType" : "entity"
      },
      "continuationCondition" : [ ],
      "description" : null,
      "instanceParameters" : [ "cameraevent", "floor", "building", "asset", "sensor", "space", "floorplan" ],
      "name" : "Space",
      "pattern" : "Assignment"
    }
  },
  "collaboratorRoles" : [ ],
  "currentState" : {
    "code" : "success"
  },
  "description" : "",
  "disableBadging" : false,
  "entityRoles" : [ {
    "name" : "cameraevent",
    "type" : "cameraevents"
  }, {
    "name" : "floor",
    "type" : "floors"
  }, {
    "name" : "building",
    "type" : "buildings"
  }, {
    "name" : "asset",
    "type" : "assets"
  }, {
    "name" : "sensor",
    "type" : "sensors"
  }, {
    "name" : "space",
    "type" : "spaces"
  }, {
    "name" : "floorplan",
    "type" : "floorplans"
  } ],
  "keyTypes" : [ "system.collaborations" ],
  "name" : "HighBodyTemp"
}