{
  "active" : true,
  "appType" : true,
  "assembly" : {
    "TrackerReceived" : {
      "configuration" : {
        "childStreams" : [ "UpdateSensorAndAsset" ],
        "enableBadging" : true,
        "inboundResource" : "topics",
        "inboundResourceId" : "/sensor/tracker/2d",
        "op" : null,
        "outboundResource" : null,
        "outboundResourceId" : null,
        "parentStreams" : [ ],
        "schema" : null,
        "upsert" : false
      },
      "description" : null,
      "name" : "TrackerReceived",
      "pattern" : "EventStream"
    },
    "UpdateSensorAndAsset" : {
      "configuration" : {
        "childStreams" : null,
        "enableBadging" : true,
        "parentStreams" : [ "TrackerReceived" ],
        "procedure" : "app.updateSensorAndAssetLocation",
        "schema" : null
      },
      "description" : "This will update the sensor and asset with the current location.\n\nNote: \nsensors just have the data  property to hold the payload\n\nassets contain the floorid and location",
      "name" : "UpdateSensorAndAsset",
      "pattern" : "Procedure"
    }
  },
  "collaboratorRoles" : [ ],
  "currentState" : {
    "code" : "success"
  },
  "description" : "",
  "disableBadging" : false,
  "entityRoles" : [ ],
  "keyTypes" : [ "system.collaborations" ],
  "name" : "IndoorTracking"
}