{
  "rootObj" : "b7424e48-5a27-4e21-8621-7c89277b9029",
  "widgets" : [ {
    "borderColor" : "Default",
    "borderRadius" : 4,
    "borderThickness" : 0,
    "fontFace" : "inherit",
    "fontSize" : 14,
    "fontStyle" : "normal",
    "fontWeight" : "bold",
    "heightPolicy" : "naturalSize",
    "horzGravity" : "left",
    "name" : "MenuButton73",
    "text" : "Playback",
    "type" : "MenuButton",
    "uuid" : "4eb79236-cc13-4eed-8d48-261b759c59bd",
    "v" : 16,
    "vertGravity" : "center",
    "widthPolicy" : "naturalSize"
  }, {
    "borderColor" : "Default",
    "borderRadius" : 4,
    "borderThickness" : 0,
    "fontFace" : "inherit",
    "fontSize" : 14,
    "fontStyle" : "normal",
    "fontWeight" : "bold",
    "heightPolicy" : "naturalSize",
    "horzGravity" : "left",
    "name" : "MenuButton60",
    "text" : "Create Simulation",
    "type" : "MenuButton",
    "uuid" : "aab5562b-ddb1-4d6e-8239-88866a71d614",
    "v" : 16,
    "vertGravity" : "center",
    "widthPolicy" : "naturalSize"
  }, {
    "CSSClass" : "",
    "backgroundColor" : "#f0f2f9",
    "borderColor" : "Default",
    "borderThickness" : 0,
    "children" : [ "aab5562b-ddb1-4d6e-8239-88866a71d614", "4eb79236-cc13-4eed-8d48-261b759c59bd" ],
    "heightPolicy" : "naturalSize",
    "horzGravity" : "center",
    "horzMargin" : 5,
    "innerMargin" : 10,
    "name" : "_Topbar_",
    "packTight" : true,
    "type" : "HorizontalLayout",
    "uuid" : "b7424e48-5a27-4e21-8621-7c89277b9029",
    "v" : 16,
    "vertGravity" : "center",
    "vertMargin" : 5,
    "vertWeight" : 1,
    "widthPolicy" : "sizeToCell"
  } ]
}