{
  "bodyChildren" : {
    "rootArray" : [ "50c214ee-53ab-4476-8952-18a2785c320b" ],
    "widgets" : [ {
      "borderColor" : "Default",
      "borderRadius" : 4,
      "borderThickness" : 0,
      "fontFamily" : "inherit",
      "fontSize" : 20,
      "fontStyle" : "normal",
      "fontWeight" : "normal",
      "heightPolicy" : "naturalSize",
      "horzGravity" : "left",
      "name" : "StaticText3151",
      "text" : "Asset Types",
      "type" : "StaticText",
      "uuid" : "13be3a62-0047-4d3b-84d4-d1b2852037fd",
      "v" : 16,
      "vertGravity" : "top",
      "widthPolicy" : "naturalSize"
    }, {
      "backgroundColor" : "default",
      "borderColor" : "Default",
      "borderRadius" : 4,
      "borderThickness" : 0,
      "cellFontColor" : "default",
      "cellFontFace" : "inherit",
      "cellFontSize" : 14,
      "cellFontStyle" : "plain",
      "clearOnDataArrive" : true,
      "columnDescriptors" : [ {
        "colorRules" : null,
        "dataType" : "String",
        "propertyName" : "name",
        "selected" : false,
        "title" : "Name"
      }, {
        "buttonIcon" : "fa-close",
        "buttonLabel" : "Remove",
        "colorRules" : null,
        "dataType" : "Button",
        "isLinkStyle" : true,
        "propertyName" : "ButtonRemove",
        "selected" : false,
        "title" : ""
      } ],
      "columnSort" : true,
      "dataStreamGroupedByFiltersString" : "",
      "dataStreamUUID" : "93c4bfa2-7408-4e33-8424-19612edf95bb",
      "dataType" : null,
      "headerFontColor" : "default",
      "headerFontFace" : "inherit",
      "headerFontSize" : 14,
      "headerFontStyle" : "plain",
      "heightPolicy" : "naturalSize",
      "horzGravity" : "center",
      "name" : "DataTable318",
      "operation" : "insert",
      "rowsPerPage" : 10,
      "showMaximizeButton" : false,
      "showPaging" : true,
      "type" : "DataTable",
      "uuid" : "1f50a6af-13c7-42d3-a36f-32f483dc230a",
      "v" : 16,
      "vertGravity" : "top",
      "vertWeight" : 1,
      "w" : 600,
      "widthPolicy" : "explicit"
    }, {
      "borderColor" : "Default",
      "borderRadius" : 4,
      "borderThickness" : 0,
      "children" : [ "13be3a62-0047-4d3b-84d4-d1b2852037fd", "1f50a6af-13c7-42d3-a36f-32f483dc230a", "57490a2d-6380-4c38-9681-1d1a71067835" ],
      "heightPolicy" : "sizeToCell",
      "horzGravity" : "left",
      "innerMargin" : 20,
      "name" : "VerticalLayout1211",
      "type" : "VerticalLayout",
      "uuid" : "3b6c48c0-1561-4a15-9d8b-51809b8cf8f6",
      "v" : 16,
      "vertGravity" : "top",
      "widthPolicy" : "naturalSize"
    }, {
      "borderColor" : "Default",
      "borderRadius" : 4,
      "borderThickness" : 0,
      "children" : [ "3b6c48c0-1561-4a15-9d8b-51809b8cf8f6" ],
      "column" : 0,
      "heightPolicy" : "sizeToCell",
      "horzGravity" : "center",
      "innerMargin" : 20,
      "name" : "HorizontalLayout19316",
      "row" : 0,
      "type" : "HorizontalLayout",
      "uuid" : "50c214ee-53ab-4476-8952-18a2785c320b",
      "v" : 16,
      "vertGravity" : "center",
      "widthPolicy" : "sizeToCell"
    }, {
      "borderColor" : "Default",
      "borderRadius" : 4,
      "borderThickness" : 0,
      "buttonBackgroundColor" : "#01186b",
      "buttonLabel" : "Add Asset",
      "buttonLabelColor" : "platform",
      "buttonLabelSize" : 14,
      "buttonLabelStyle" : "bold",
      "h" : 60,
      "heightPolicy" : "explicit",
      "horzGravity" : "center",
      "name" : "Button868",
      "submitValue" : 100,
      "type" : "Button",
      "uuid" : "57490a2d-6380-4c38-9681-1d1a71067835",
      "v" : 16,
      "vertGravity" : "bottom",
      "widthPolicy" : "sizeToCell"
    } ]
  },
  "data" : {
    "properties" : { }
  },
  "footerChildren" : [ ],
  "hasFooter" : false,
  "layoutType" : "single",
  "responseTopic" : ""
}