{
  "bodyChildren" : {
    "rootArray" : [ "698edbba-2b05-480b-8993-45abc6fd86ef" ],
    "widgets" : [ {
      "borderColor" : "Default",
      "borderRadius" : 4,
      "borderThickness" : 0,
      "children" : [ "bb5e5138-ec4e-4cc4-843f-19c4eec8dfd4", "b43aed1e-c4dd-4d23-8a6d-c4928192021e" ],
      "h" : 940,
      "heightPolicy" : "explicit",
      "horzGravity" : "center",
      "innerMargin" : 20,
      "name" : "HorizontalLayout16653",
      "type" : "HorizontalLayout",
      "uuid" : "0b4e4f80-e02f-46f4-8b64-b6ded6545072",
      "v" : 16,
      "vertGravity" : "center",
      "widthPolicy" : "naturalSize",
      "x" : 4,
      "y" : 10
    }, {
      "binding" : "page.data.building.name",
      "borderColor" : "Default",
      "borderRadius" : 4,
      "borderThickness" : 0,
      "defaultValue" : "",
      "heightPolicy" : "naturalSize",
      "horzGravity" : "center",
      "inputType" : "text",
      "isReadOnly" : true,
      "label" : "Building Name",
      "name" : "InputString167",
      "optional" : true,
      "placeholder" : "",
      "type" : "InputString",
      "uuid" : "10a27c80-a1eb-4ee4-a405-6dc9cbc2f3d8",
      "v" : 16,
      "vertGravity" : "center",
      "widthPolicy" : "sizeToCell"
    }, {
      "binding" : "page.data.building.organizationid",
      "borderColor" : "Default",
      "borderRadius" : 4,
      "borderThickness" : 0,
      "defaultValue" : "",
      "heightPolicy" : "naturalSize",
      "horzGravity" : "center",
      "inputType" : "text",
      "isReadOnly" : true,
      "label" : "Organization Id",
      "name" : "InputString168",
      "optional" : true,
      "placeholder" : "",
      "type" : "InputString",
      "uuid" : "1ac613e4-7ff1-462e-804a-6c99c3ea223a",
      "v" : 16,
      "vertGravity" : "center",
      "widthPolicy" : "sizeToCell"
    }, {
      "borderColor" : "Default",
      "borderRadius" : 4,
      "borderThickness" : 0,
      "buttonBackgroundColor" : "#01186b",
      "buttonLabel" : "Edit Building",
      "buttonLabelColor" : "platform",
      "buttonLabelSize" : 14,
      "buttonLabelStyle" : "bold",
      "h" : 62,
      "heightPolicy" : "explicit",
      "horzGravity" : "center",
      "name" : "Button111",
      "submitValue" : 100,
      "type" : "Button",
      "uuid" : "29e40962-829c-44f7-8e8d-515150258af1",
      "v" : 16,
      "vertGravity" : "center",
      "widthPolicy" : "sizeToCell"
    }, {
      "borderColor" : "Default",
      "borderThickness" : 0,
      "children" : [ "1ac613e4-7ff1-462e-804a-6c99c3ea223a", "ed6bf3bd-f3ec-4cd6-8589-01b1e26bd872" ],
      "closeIcon" : "glyphicon-chevron-up",
      "fontFace" : "inherit",
      "fontSize" : 16,
      "fontStyle" : "normal",
      "fontWeight" : "bold",
      "heightPolicy" : "naturalSize",
      "horzGravity" : "center",
      "innerMargin" : 5,
      "name" : "AccordionLayout7",
      "openIcon" : "glyphicon-chevron-down",
      "title" : "Admin",
      "titleBarColor" : "default",
      "type" : "AccordionLayout",
      "uuid" : "2b50fe4e-b8ba-4cf6-8886-3905aa1795f9",
      "v" : 16,
      "vertGravity" : "center",
      "vertMargin" : 5,
      "widthPolicy" : "sizeToCell"
    }, {
      "borderColor" : "Default",
      "borderRadius" : 4,
      "borderThickness" : 0,
      "buttonBackgroundColor" : "#01186b",
      "buttonLabel" : "Add Floor",
      "buttonLabelColor" : "platform",
      "buttonLabelSize" : 14,
      "buttonLabelStyle" : "bold",
      "h" : 60,
      "heightPolicy" : "explicit",
      "horzGravity" : "center",
      "name" : "Button112",
      "submitValue" : 100,
      "type" : "Button",
      "uuid" : "39a2914d-485e-4405-8013-5fe4fe0685fe",
      "v" : 16,
      "vertGravity" : "bottom",
      "widthPolicy" : "sizeToCell"
    }, {
      "borderColor" : "Default",
      "borderRadius" : 4,
      "borderThickness" : 0,
      "children" : [ "9462c996-7e5a-4daa-907e-93b410676c35", "29e40962-829c-44f7-8e8d-515150258af1" ],
      "heightPolicy" : "naturalSize",
      "horzGravity" : "center",
      "innerMargin" : 20,
      "name" : "HorizontalLayout1363",
      "type" : "HorizontalLayout",
      "uuid" : "508c8ed6-f30a-4a44-b832-333e6f97455a",
      "v" : 16,
      "vertGravity" : "center",
      "widthPolicy" : "sizeToCell"
    }, {
      "borderColor" : "Default",
      "borderRadius" : 4,
      "borderThickness" : 0,
      "clearOnDataArrive" : true,
      "dataStreamGroupedByFiltersString" : "",
      "dataStreamProperty" : "geo",
      "dataStreamUUID" : "aa76988e-0171-4d61-80fb-9911ce3cb670",
      "dataType" : null,
      "fixedCenter" : true,
      "h" : 200,
      "heightPolicy" : "explicit",
      "horzGravity" : "center",
      "labelProperty" : "name",
      "name" : "DynamicMapViewerBuildingView",
      "naturalKey" : null,
      "operation" : "insert",
      "type" : "DynamicMapViewer",
      "uuid" : "5b56f67f-de71-4aad-b031-51b2deaedbaf",
      "v" : 16,
      "vertGravity" : "center",
      "widthPolicy" : "sizeToCell"
    }, {
      "binding" : "page.data.building.address",
      "borderColor" : "Default",
      "borderRadius" : 4,
      "borderThickness" : 0,
      "defaultValue" : "",
      "heightPolicy" : "naturalSize",
      "horzGravity" : "center",
      "isReadOnly" : true,
      "label" : "Address",
      "name" : "MultilineInput33",
      "optional" : true,
      "placeholder" : "",
      "rows" : 5,
      "type" : "MultilineInput",
      "uuid" : "610d8356-f320-4679-960a-0ac8bcac75cc",
      "v" : 16,
      "vertGravity" : "center",
      "widthPolicy" : "sizeToCell",
      "wordwrap" : true
    }, {
      "backgroundColor" : "default",
      "borderColor" : "Default",
      "borderRadius" : 4,
      "borderThickness" : 0,
      "children" : [ "9c85d297-0f54-4272-8575-bd413f27101f", "e5c93108-45fa-4407-8933-c90963c269e6" ],
      "column" : 0,
      "fontFace" : "inherit",
      "fontSize" : 16,
      "fontStyle" : "normal",
      "heightPolicy" : "sizeToCell",
      "horzGravity" : "center",
      "horzMargin" : 0,
      "name" : "TabbedLayout14",
      "row" : 0,
      "type" : "TabbedLayout",
      "uuid" : "698edbba-2b05-480b-8993-45abc6fd86ef",
      "v" : 16,
      "vertGravity" : "center",
      "vertMargin" : 0,
      "widthPolicy" : "sizeToCell"
    }, {
      "borderColor" : "Default",
      "borderRadius" : 4,
      "borderThickness" : 0,
      "fontFamily" : "inherit",
      "fontSize" : 20,
      "fontStyle" : "normal",
      "fontWeight" : "normal",
      "heightPolicy" : "naturalSize",
      "horzGravity" : "left",
      "name" : "StaticText435",
      "text" : "Floors",
      "type" : "StaticText",
      "uuid" : "84e54357-b65c-4d67-8df0-fbafc8e26e4a",
      "v" : 16,
      "vertGravity" : "center",
      "widthPolicy" : "naturalSize"
    }, {
      "borderColor" : "Default",
      "borderRadius" : 4,
      "borderThickness" : 0,
      "buttonBackgroundColor" : "#01186b",
      "buttonLabel" : "Add Floor Plan",
      "buttonLabelColor" : "platform",
      "buttonLabelSize" : 14,
      "buttonLabelStyle" : "bold",
      "h" : 60,
      "heightPolicy" : "explicit",
      "horzGravity" : "center",
      "name" : "Button665",
      "submitValue" : 100,
      "type" : "Button",
      "uuid" : "8ae751ef-c6a5-4142-9795-45794f71e649",
      "v" : 16,
      "vertGravity" : "center",
      "widthPolicy" : "sizeToCell"
    }, {
      "borderColor" : "Default",
      "borderRadius" : 4,
      "borderThickness" : 0,
      "buttonBackgroundColor" : "#01186b",
      "buttonLabel" : "Back",
      "buttonLabelColor" : "platform",
      "buttonLabelSize" : 14,
      "buttonLabelStyle" : "bold",
      "glyphIcon" : "fa-fast-backward",
      "h" : 62,
      "heightPolicy" : "explicit",
      "horzGravity" : "center",
      "name" : "Button538",
      "submitValue" : 100,
      "type" : "Button",
      "uuid" : "9462c996-7e5a-4daa-907e-93b410676c35",
      "v" : 16,
      "vertGravity" : "center",
      "widthPolicy" : "sizeToCell"
    }, {
      "backgroundColor" : "default",
      "borderColor" : "Default",
      "borderRadius" : 4,
      "borderThickness" : 0,
      "cellFontColor" : "default",
      "cellFontFace" : "inherit",
      "cellFontSize" : 14,
      "cellFontStyle" : "plain",
      "clearOnDataArrive" : true,
      "columnDescriptors" : [ {
        "colorRules" : null,
        "dataType" : "String",
        "propertyName" : "name",
        "selected" : false,
        "title" : "Name"
      }, {
        "buttonIcon" : "fa-times-circle",
        "buttonLabel" : "Delete",
        "colorRules" : null,
        "dataType" : "Button",
        "isLinkStyle" : true,
        "propertyName" : "ButtonDelete",
        "selected" : false,
        "title" : ""
      }, {
        "buttonIcon" : "fa-binoculars",
        "buttonLabel" : "View",
        "colorRules" : null,
        "dataType" : "Button",
        "isLinkStyle" : true,
        "propertyName" : "ButtonView",
        "selected" : false,
        "title" : ""
      } ],
      "columnSort" : true,
      "dataStreamGroupedByFiltersString" : "",
      "dataStreamUUID" : "a64221e5-e903-42fd-812c-2487139c197e",
      "dataType" : null,
      "headerFontColor" : "default",
      "headerFontFace" : "inherit",
      "headerFontSize" : 14,
      "headerFontStyle" : "plain",
      "heightPolicy" : "naturalSize",
      "horzGravity" : "center",
      "name" : "DataTable38",
      "operation" : "insert",
      "rowsPerPage" : 18,
      "showMaximizeButton" : false,
      "showPaging" : true,
      "type" : "DataTable",
      "uuid" : "94917b30-70c8-4042-8f01-4cc879eb1ed2",
      "v" : 16,
      "vertGravity" : "top",
      "vertWeight" : 1,
      "w" : 500,
      "widthPolicy" : "explicit"
    }, {
      "borderColor" : "Default",
      "borderRadius" : 4,
      "borderThickness" : 0,
      "children" : [ "ce341175-0cf0-4e85-a53e-bbe5b9c52b95", "8ae751ef-c6a5-4142-9795-45794f71e649", "ed5eff10-8d01-4208-8eae-b0e0dbb40771" ],
      "column" : 2,
      "h" : 932,
      "heightPolicy" : "explicit",
      "horzGravity" : "center",
      "innerMargin" : 20,
      "name" : "VerticalLayout679",
      "row" : 0,
      "type" : "VerticalLayout",
      "uuid" : "95400518-e6e7-4344-8546-f6dfc22b8a6f",
      "v" : 16,
      "vertGravity" : "top",
      "vertWeight" : 1,
      "widthPolicy" : "naturalSize",
      "x" : 10,
      "y" : 10
    }, {
      "backgroundColor" : "rgb(255, 255, 255)",
      "borderColor" : "Default",
      "borderThickness" : 0,
      "children" : [ "0b4e4f80-e02f-46f4-8b64-b6ded6545072" ],
      "heightPolicy" : "sizeToCell",
      "horzGravity" : "center",
      "horzMargin" : 0,
      "name" : "FixedLayout28",
      "tabName" : "Building",
      "type" : "FixedLayout",
      "uuid" : "9c85d297-0f54-4272-8575-bd413f27101f",
      "v" : 16,
      "vertGravity" : "center",
      "vertMargin" : 0,
      "widthPolicy" : "sizeToCell"
    }, {
      "borderColor" : "Default",
      "borderRadius" : 4,
      "borderThickness" : 0,
      "fontFamily" : "inherit",
      "fontSize" : 20,
      "fontStyle" : "normal",
      "fontWeight" : "normal",
      "heightPolicy" : "naturalSize",
      "horzGravity" : "left",
      "name" : "StaticText973",
      "text" : "Building",
      "type" : "StaticText",
      "uuid" : "b18ba84d-6163-4215-8f49-79f4dbf26a65",
      "v" : 16,
      "vertGravity" : "center",
      "widthPolicy" : "naturalSize"
    }, {
      "borderColor" : "Default",
      "borderRadius" : 4,
      "borderThickness" : 0,
      "children" : [ "84e54357-b65c-4d67-8df0-fbafc8e26e4a", "c648d648-95c2-47e8-88a1-d09e9941c2ab", "94917b30-70c8-4042-8f01-4cc879eb1ed2" ],
      "column" : 1,
      "heightPolicy" : "sizeToCell",
      "horzGravity" : "center",
      "innerMargin" : 20,
      "name" : "VerticalLayout201",
      "row" : 0,
      "type" : "VerticalLayout",
      "uuid" : "b43aed1e-c4dd-4d23-8a6d-c4928192021e",
      "v" : 16,
      "vertGravity" : "top",
      "vertWeight" : 1,
      "widthPolicy" : "naturalSize"
    }, {
      "borderColor" : "Default",
      "borderRadius" : 4,
      "borderThickness" : 0,
      "children" : [ "b18ba84d-6163-4215-8f49-79f4dbf26a65", "508c8ed6-f30a-4a44-b832-333e6f97455a", "2b50fe4e-b8ba-4cf6-8886-3905aa1795f9", "c62e9b9a-2019-4b85-8331-1abdddacff2e" ],
      "column" : 0,
      "heightPolicy" : "sizeToCell",
      "horzGravity" : "center",
      "innerMargin" : 20,
      "name" : "VerticalLayout185",
      "row" : 0,
      "type" : "VerticalLayout",
      "uuid" : "bb5e5138-ec4e-4cc4-843f-19c4eec8dfd4",
      "v" : 16,
      "vertGravity" : "top",
      "vertWeight" : 1,
      "w" : 500,
      "widthPolicy" : "explicit"
    }, {
      "borderColor" : "Default",
      "borderThickness" : 0,
      "children" : [ "10a27c80-a1eb-4ee4-a405-6dc9cbc2f3d8", "610d8356-f320-4679-960a-0ac8bcac75cc", "fbd412cd-8b4d-4724-873e-0037ad89a6ef" ],
      "closeIcon" : "glyphicon-chevron-up",
      "defaultToOpen" : true,
      "fontFace" : "inherit",
      "fontSize" : 16,
      "fontStyle" : "normal",
      "fontWeight" : "bold",
      "heightPolicy" : "naturalSize",
      "horzGravity" : "center",
      "innerMargin" : 5,
      "name" : "AccordionLayout10",
      "openIcon" : "glyphicon-chevron-down",
      "title" : "Detail",
      "titleBarColor" : "default",
      "type" : "AccordionLayout",
      "uuid" : "c62e9b9a-2019-4b85-8331-1abdddacff2e",
      "v" : 16,
      "vertGravity" : "top",
      "vertMargin" : 5,
      "vertWeight" : 1,
      "widthPolicy" : "sizeToCell"
    }, {
      "borderColor" : "Default",
      "borderRadius" : 4,
      "borderThickness" : 0,
      "children" : [ "39a2914d-485e-4405-8013-5fe4fe0685fe" ],
      "heightPolicy" : "naturalSize",
      "horzGravity" : "center",
      "innerMargin" : 20,
      "name" : "HorizontalLayout20730",
      "type" : "HorizontalLayout",
      "uuid" : "c648d648-95c2-47e8-88a1-d09e9941c2ab",
      "v" : 16,
      "vertGravity" : "center",
      "widthPolicy" : "sizeToCell"
    }, {
      "borderColor" : "Default",
      "borderRadius" : 4,
      "borderThickness" : 0,
      "fontFamily" : "inherit",
      "fontSize" : 20,
      "fontStyle" : "normal",
      "fontWeight" : "normal",
      "heightPolicy" : "naturalSize",
      "horzGravity" : "left",
      "name" : "StaticText1555",
      "text" : "Floor Plans",
      "type" : "StaticText",
      "uuid" : "ce341175-0cf0-4e85-a53e-bbe5b9c52b95",
      "v" : 16,
      "vertGravity" : "center",
      "widthPolicy" : "naturalSize"
    }, {
      "backgroundColor" : "rgb(255, 255, 255)",
      "borderColor" : "Default",
      "borderThickness" : 0,
      "children" : [ "95400518-e6e7-4344-8546-f6dfc22b8a6f" ],
      "heightPolicy" : "sizeToCell",
      "horzGravity" : "center",
      "horzMargin" : 0,
      "name" : "FixedLayout29",
      "tabName" : "Floorplans",
      "type" : "FixedLayout",
      "uuid" : "e5c93108-45fa-4407-8933-c90963c269e6",
      "v" : 16,
      "vertGravity" : "center",
      "vertMargin" : 0,
      "widthPolicy" : "sizeToCell"
    }, {
      "backgroundColor" : "default",
      "borderColor" : "Default",
      "borderRadius" : 4,
      "borderThickness" : 0,
      "cellFontColor" : "default",
      "cellFontFace" : "inherit",
      "cellFontSize" : 14,
      "cellFontStyle" : "plain",
      "clearOnDataArrive" : true,
      "columnDescriptors" : [ {
        "colorRules" : null,
        "dataType" : "String",
        "propertyName" : "description",
        "selected" : false,
        "title" : "Description"
      }, {
        "buttonIcon" : "fa-binoculars",
        "buttonLabel" : "View",
        "colorRules" : null,
        "dataType" : "Button",
        "isLinkStyle" : true,
        "propertyName" : "ButtonView",
        "selected" : false,
        "title" : ""
      } ],
      "columnSort" : true,
      "dataStreamGroupedByFiltersString" : "",
      "dataStreamUUID" : "6ae72552-30a5-4994-8d3b-3d48534db407",
      "dataType" : null,
      "headerFontColor" : "default",
      "headerFontFace" : "inherit",
      "headerFontSize" : 14,
      "headerFontStyle" : "plain",
      "heightPolicy" : "naturalSize",
      "horzGravity" : "center",
      "name" : "DataTable110",
      "operation" : "insert",
      "rowsPerPage" : 15,
      "showMaximizeButton" : false,
      "showPaging" : true,
      "type" : "DataTable",
      "uuid" : "ed5eff10-8d01-4208-8eae-b0e0dbb40771",
      "v" : 16,
      "vertGravity" : "top",
      "vertWeight" : 1,
      "w" : 500,
      "widthPolicy" : "explicit"
    }, {
      "binding" : "page.data.building.id",
      "borderColor" : "Default",
      "borderRadius" : 4,
      "borderThickness" : 0,
      "defaultValue" : "",
      "heightPolicy" : "naturalSize",
      "horzGravity" : "center",
      "inputType" : "text",
      "isReadOnly" : true,
      "label" : "Id",
      "name" : "InputString166",
      "optional" : true,
      "placeholder" : "",
      "type" : "InputString",
      "uuid" : "ed6bf3bd-f3ec-4cd6-8589-01b1e26bd872",
      "v" : 16,
      "vertGravity" : "center",
      "widthPolicy" : "sizeToCell"
    }, {
      "borderColor" : "Default",
      "borderRadius" : 4,
      "borderThickness" : 0,
      "children" : [ "5b56f67f-de71-4aad-b031-51b2deaedbaf" ],
      "heightPolicy" : "naturalSize",
      "horzGravity" : "center",
      "innerMargin" : 20,
      "name" : "VerticalLayout1148",
      "type" : "VerticalLayout",
      "uuid" : "fbd412cd-8b4d-4724-873e-0037ad89a6ef",
      "v" : 16,
      "vertGravity" : "center",
      "widthPolicy" : "sizeToCell"
    } ]
  },
  "data" : {
    "properties" : {
      "building" : {
        "defaultLabel" : "building",
        "type" : "TypedObject",
        "typedObject" : {
          "properties" : {
            "address" : {
              "defaultLabel" : "address",
              "defaultValue" : "",
              "type" : "String"
            },
            "geo" : {
              "defaultLabel" : "geo",
              "type" : "GeoJSON"
            },
            "id" : {
              "defaultLabel" : "id",
              "defaultValue" : "",
              "type" : "String"
            },
            "name" : {
              "defaultLabel" : "name",
              "defaultValue" : "",
              "type" : "String"
            },
            "organizationid" : {
              "defaultLabel" : "organizationid",
              "defaultValue" : "",
              "type" : "String"
            }
          },
          "type" : "buildings"
        }
      }
    }
  },
  "footerChildren" : [ ],
  "hasFooter" : false,
  "layoutType" : "single",
  "responseTopic" : ""
}