{
  "bodyChildren" : {
    "rootArray" : [ "f98f8ae7-7848-46ee-82bd-4c8b0138a8c6", "81e3373a-576b-4e87-8ec6-9acb16c6eec0", "b8501ab2-2f4e-45a0-9f0a-6ec4ff134082" ],
    "widgets" : [ {
      "borderColor" : "Default",
      "borderRadius" : 4,
      "borderThickness" : 0,
      "fontFamily" : "inherit",
      "fontSize" : 16,
      "fontStyle" : "normal",
      "fontWeight" : "bold",
      "heightPolicy" : "naturalSize",
      "horzGravity" : "center",
      "name" : "StaticText54940",
      "text" : "<USER>",
      "type" : "StaticText",
      "uuid" : "81e3373a-576b-4e87-8ec6-9acb16c6eec0",
      "v" : 16,
      "vertGravity" : "center",
      "widthPolicy" : "naturalSize",
      "x" : 50,
      "y" : 100
    }, {
      "backgroundColor" : "default",
      "borderColor" : "Default",
      "borderRadius" : 4,
      "borderThickness" : 0,
      "cellFontColor" : "default",
      "cellFontFace" : "inherit",
      "cellFontSize" : 14,
      "cellFontStyle" : "plain",
      "clearOnDataArrive" : true,
      "columnDescriptors" : [ {
        "colorRules" : null,
        "dataType" : "String",
        "propertyName" : "employee",
        "selected" : false,
        "title" : "@text.employee"
      }, {
        "colorRules" : null,
        "dataType" : "Integer",
        "propertyName" : "count",
        "selected" : false,
        "title" : "@text.count"
      }, {
        "colorRules" : null,
        "dataType" : "String",
        "propertyName" : "places",
        "selected" : false,
        "title" : "@text.places"
      } ],
      "columnSort" : true,
      "dataStreamGroupedByFiltersString" : "",
      "dataStreamUUID" : "afd5a682-d39f-449c-8bca-9f54e794466f",
      "dataType" : null,
      "headerFontColor" : "default",
      "headerFontFace" : "inherit",
      "headerFontSize" : 14,
      "headerFontStyle" : "plain",
      "heightPolicy" : "naturalSize",
      "horzGravity" : "center",
      "name" : "DataTable3896",
      "operation" : "insert",
      "rowsPerPage" : 15,
      "showMaximizeButton" : false,
      "showPaging" : true,
      "type" : "DataTable",
      "uuid" : "b8501ab2-2f4e-45a0-9f0a-6ec4ff134082",
      "v" : 16,
      "vertGravity" : "center",
      "w" : 1200,
      "widthPolicy" : "explicit",
      "x" : 50,
      "y" : 150
    }, {
      "borderColor" : "Default",
      "borderRadius" : 4,
      "borderThickness" : 0,
      "fontFamily" : "inherit",
      "fontSize" : 20,
      "fontStyle" : "normal",
      "fontWeight" : "normal",
      "heightPolicy" : "naturalSize",
      "horzGravity" : "center",
      "name" : "StaticText52304",
      "text" : "@text.contacttrace",
      "type" : "StaticText",
      "uuid" : "f98f8ae7-7848-46ee-82bd-4c8b0138a8c6",
      "v" : 16,
      "vertGravity" : "center",
      "widthPolicy" : "naturalSize",
      "x" : 50,
      "y" : 50
    } ]
  },
  "data" : {
    "properties" : { }
  },
  "footerChildren" : [ ],
  "hasFooter" : false,
  "layoutType" : "browser",
  "responseTopic" : ""
}