{
  "bodyChildren" : {
    "rootArray" : [ "8c65bdfb-2a5f-4f74-8b03-5f93eb85a25f", "3286ddfd-ea93-4bbd-af8c-af4b6b1583eb" ],
    "widgets" : [ {
      "borderColor" : "Default",
      "borderRadius" : 4,
      "borderThickness" : 1,
      "children" : [ "6bc5aa3c-d9ba-470c-a66e-416318ddff54", "be3f4209-e8e7-47be-8d2f-e6800ef67916" ],
      "heightPolicy" : "naturalSize",
      "horzGravity" : "center",
      "innerMargin" : 20,
      "name" : "VerticalLayout861",
      "type" : "VerticalLayout",
      "uuid" : "046fa047-072f-41d6-82fb-e74b664d127e",
      "v" : 16,
      "vertGravity" : "center",
      "widthPolicy" : "sizeToCell"
    }, {
      "borderColor" : "Default",
      "borderRadius" : 4,
      "borderThickness" : 1,
      "children" : [ "ac791910-36b9-44bd-80fb-cc2edc7fcaf7" ],
      "heightPolicy" : "naturalSize",
      "horzGravity" : "center",
      "innerMargin" : 20,
      "name" : "VerticalLayout862",
      "type" : "VerticalLayout",
      "uuid" : "2d35dfb8-5fec-4f20-8f18-8324885e7691",
      "v" : 16,
      "vertGravity" : "center",
      "widthPolicy" : "sizeToCell"
    }, {
      "borderColor" : "Default",
      "borderRadius" : 4,
      "borderThickness" : 0,
      "children" : [ "e463b413-b974-4ec8-9212-b011c426ffda" ],
      "heightPolicy" : "naturalSize",
      "horzGravity" : "center",
      "innerMargin" : 20,
      "name" : "VerticalLayout911",
      "type" : "VerticalLayout",
      "uuid" : "3286ddfd-ea93-4bbd-af8c-af4b6b1583eb",
      "v" : 16,
      "vertGravity" : "center",
      "widthPolicy" : "sizeToCell",
      "x" : 600,
      "y" : 100
    }, {
      "borderColor" : "Default",
      "borderRadius" : 4,
      "borderThickness" : 0,
      "fontFamily" : "inherit",
      "fontSize" : 20,
      "fontStyle" : "normal",
      "fontWeight" : "normal",
      "heightPolicy" : "naturalSize",
      "horzGravity" : "center",
      "name" : "StaticText1746",
      "text" : "Floor Plan",
      "type" : "StaticText",
      "uuid" : "43c14e4c-a6e7-4355-8b26-f9eab871e089",
      "v" : 16,
      "vertGravity" : "center",
      "widthPolicy" : "naturalSize"
    }, {
      "borderColor" : "Default",
      "borderRadius" : 4,
      "borderThickness" : 1,
      "children" : [ "8105eb67-077b-4e33-940b-11472e3831cb", "e2db8432-6154-4971-8fef-55f56900f1e0" ],
      "heightPolicy" : "naturalSize",
      "horzGravity" : "center",
      "innerMargin" : 20,
      "name" : "HorizontalLayout1488",
      "type" : "HorizontalLayout",
      "uuid" : "5a3a3283-42e8-4c0f-8a1d-a8de27bc97fa",
      "v" : 16,
      "vertGravity" : "center",
      "widthPolicy" : "sizeToCell"
    }, {
      "binding" : "page.data.floorplan.buildingid",
      "borderColor" : "Default",
      "borderRadius" : 4,
      "borderThickness" : 0,
      "defaultValue" : "",
      "heightPolicy" : "naturalSize",
      "horzGravity" : "center",
      "inputType" : "text",
      "isReadOnly" : true,
      "label" : "Building Id",
      "name" : "InputString866",
      "optional" : true,
      "placeholder" : "",
      "type" : "InputString",
      "uuid" : "6bc5aa3c-d9ba-470c-a66e-416318ddff54",
      "v" : 16,
      "vertGravity" : "center",
      "widthPolicy" : "sizeToCell"
    }, {
      "binding" : "page.data.floorplan.path",
      "borderColor" : "Default",
      "borderRadius" : 4,
      "borderThickness" : 0,
      "defaultValue" : "",
      "heightPolicy" : "naturalSize",
      "horzGravity" : "center",
      "horzWeight" : 1,
      "isReadOnly" : true,
      "label" : "Path",
      "name" : "MultilineInput67",
      "optional" : true,
      "placeholder" : "",
      "rows" : 3,
      "type" : "MultilineInput",
      "uuid" : "8105eb67-077b-4e33-940b-11472e3831cb",
      "v" : 16,
      "vertGravity" : "center",
      "widthPolicy" : "sizeToCell",
      "wordwrap" : true
    }, {
      "borderColor" : "Default",
      "borderRadius" : 4,
      "borderThickness" : 1,
      "children" : [ "43c14e4c-a6e7-4355-8b26-f9eab871e089", "046fa047-072f-41d6-82fb-e74b664d127e", "5a3a3283-42e8-4c0f-8a1d-a8de27bc97fa", "2d35dfb8-5fec-4f20-8f18-8324885e7691", "d829fdd2-5983-40c6-b344-83427a1643dd" ],
      "heightPolicy" : "naturalSize",
      "horzGravity" : "center",
      "innerMargin" : 10,
      "name" : "VerticalLayout706",
      "type" : "VerticalLayout",
      "uuid" : "8c65bdfb-2a5f-4f74-8b03-5f93eb85a25f",
      "v" : 16,
      "vertGravity" : "center",
      "w" : 500,
      "widthPolicy" : "explicit",
      "x" : 50,
      "y" : 50
    }, {
      "binding" : "page.data.floorplan.description",
      "borderColor" : "Default",
      "borderRadius" : 4,
      "borderThickness" : 0,
      "defaultValue" : "",
      "heightPolicy" : "naturalSize",
      "horzGravity" : "center",
      "label" : "Description",
      "name" : "MultilineInput36",
      "optional" : false,
      "placeholder" : "",
      "rows" : 3,
      "type" : "MultilineInput",
      "uuid" : "ac791910-36b9-44bd-80fb-cc2edc7fcaf7",
      "v" : 16,
      "vertGravity" : "center",
      "widthPolicy" : "sizeToCell",
      "wordwrap" : true
    }, {
      "binding" : "page.data.floorplan.id",
      "borderColor" : "Default",
      "borderRadius" : 4,
      "borderThickness" : 0,
      "defaultValue" : "",
      "heightPolicy" : "naturalSize",
      "horzGravity" : "center",
      "inputType" : "text",
      "isReadOnly" : true,
      "label" : "Id",
      "name" : "InputString868",
      "optional" : true,
      "placeholder" : "",
      "type" : "InputString",
      "uuid" : "be3f4209-e8e7-47be-8d2f-e6800ef67916",
      "v" : 16,
      "vertGravity" : "center",
      "widthPolicy" : "sizeToCell"
    }, {
      "borderColor" : "Default",
      "borderRadius" : 4,
      "borderThickness" : 0,
      "buttonBackgroundColor" : "#01186b",
      "buttonLabel" : "Submit",
      "buttonLabelColor" : "platform",
      "buttonLabelSize" : 14,
      "buttonLabelStyle" : "bold",
      "h" : 60,
      "heightPolicy" : "explicit",
      "horzGravity" : "center",
      "name" : "Button689",
      "submitValue" : 100,
      "type" : "Button",
      "uuid" : "d829fdd2-5983-40c6-b344-83427a1643dd",
      "v" : 16,
      "vertGravity" : "center",
      "widthPolicy" : "sizeToCell"
    }, {
      "borderColor" : "Default",
      "borderRadius" : 4,
      "borderThickness" : 0,
      "buttonBackgroundColor" : "#01186b",
      "buttonLabel" : "Upload",
      "buttonLabelColor" : "platform",
      "buttonLabelSize" : 14,
      "buttonLabelStyle" : "bold",
      "h" : 60,
      "heightPolicy" : "explicit",
      "horzGravity" : "center",
      "name" : "Button723",
      "submitValue" : 100,
      "type" : "Button",
      "uuid" : "e2db8432-6154-4971-8fef-55f56900f1e0",
      "v" : 16,
      "vertGravity" : "center",
      "widthPolicy" : "naturalSize"
    }, {
      "borderColor" : "Default",
      "borderRadius" : 4,
      "borderThickness" : 0,
      "heightPolicy" : "naturalSize",
      "horzGravity" : "center",
      "name" : "StaticImage17",
      "preserveAspectRatio" : true,
      "type" : "StaticImage",
      "url" : "../../docs/images/floorplanselect.png",
      "uuid" : "e463b413-b974-4ec8-9212-b011c426ffda",
      "v" : 16,
      "vertGravity" : "center",
      "w" : 500,
      "widthPolicy" : "explicit"
    } ]
  },
  "data" : {
    "properties" : {
      "floorplan" : {
        "defaultLabel" : "floorplan",
        "type" : "TypedObject",
        "typedObject" : {
          "properties" : {
            "buildingid" : {
              "defaultLabel" : "buildingid",
              "defaultValue" : "",
              "type" : "String"
            },
            "description" : {
              "defaultLabel" : "description",
              "defaultValue" : "",
              "type" : "String"
            },
            "id" : {
              "defaultLabel" : "id",
              "defaultValue" : "",
              "type" : "String"
            },
            "path" : {
              "defaultLabel" : "path",
              "defaultValue" : "",
              "type" : "String"
            }
          },
          "type" : "floorplans"
        }
      }
    }
  },
  "footerChildren" : [ ],
  "hasFooter" : false,
  "layoutType" : "browser",
  "responseTopic" : ""
}