{
  "bodyChildren" : {
    "rootArray" : [ "8b44775e-1c5c-4b6c-8990-2567b42b52b2" ],
    "widgets" : [ {
      "borderColor" : "Default",
      "borderRadius" : 4,
      "borderThickness" : 0,
      "buttonBackgroundColor" : "#01186b",
      "buttonLabel" : "@button.submit",
      "buttonLabelColor" : "platform",
      "buttonLabelSize" : 14,
      "buttonLabelStyle" : "bold",
      "h" : 60,
      "heightPolicy" : "explicit",
      "horzGravity" : "center",
      "name" : "Button1",
      "submitValue" : 100,
      "type" : "Button",
      "uuid" : "1a13a7f7-3204-4dbd-8776-a81b191e331f",
      "v" : 16,
      "vertGravity" : "center",
      "widthPolicy" : "sizeToCell"
    }, {
      "binding" : "page.data.navbarBackgrounColor",
      "borderColor" : "Default",
      "borderRadius" : 4,
      "borderThickness" : 0,
      "defaultValue" : "",
      "heightPolicy" : "naturalSize",
      "horzGravity" : "center",
      "inputType" : "text",
      "label" : "@label.text.topbarbackgroundcolor",
      "name" : "InputString8599",
      "optional" : true,
      "placeholder" : "",
      "type" : "InputString",
      "uuid" : "1c9aa636-9e91-4cd0-9dbb-6cbca88344a1",
      "v" : 16,
      "vertGravity" : "center",
      "widthPolicy" : "sizeToCell"
    }, {
      "binding" : "client.data.organization.name",
      "borderColor" : "Default",
      "borderRadius" : 4,
      "borderThickness" : 0,
      "defaultValue" : "",
      "heightPolicy" : "naturalSize",
      "horzGravity" : "center",
      "inputType" : "text",
      "label" : "@text.name",
      "name" : "InputString2",
      "optional" : true,
      "placeholder" : "",
      "type" : "InputString",
      "uuid" : "27aa45e0-629d-4750-b790-1ca21b9dbc7b",
      "v" : 16,
      "vertGravity" : "center",
      "widthPolicy" : "sizeToCell"
    }, {
      "borderColor" : "Default",
      "borderRadius" : 4,
      "borderThickness" : 0,
      "buttonBackgroundColor" : "#01186b",
      "buttonLabel" : "@button.label.updatetheme",
      "buttonLabelColor" : "platform",
      "buttonLabelSize" : 14,
      "buttonLabelStyle" : "bold",
      "h" : 60,
      "heightPolicy" : "explicit",
      "horzGravity" : "center",
      "name" : "Button9138",
      "submitValue" : 100,
      "type" : "Button",
      "uuid" : "29cf2a0c-a8da-413d-80c9-264f9d2b90c6",
      "v" : 16,
      "vertGravity" : "center",
      "widthPolicy" : "sizeToCell"
    }, {
      "borderColor" : "Default",
      "borderRadius" : 4,
      "borderThickness" : 0,
      "fontFamily" : "inherit",
      "fontSize" : 20,
      "fontStyle" : "normal",
      "fontWeight" : "normal",
      "heightPolicy" : "naturalSize",
      "horzGravity" : "left",
      "name" : "StaticText27063",
      "text" : "@text.navbartheme",
      "type" : "StaticText",
      "uuid" : "31592c64-193e-4a6d-8fda-3e7b6170d127",
      "v" : 16,
      "vertGravity" : "center",
      "widthPolicy" : "naturalSize"
    }, {
      "borderColor" : "Default",
      "borderRadius" : 4,
      "borderThickness" : 0,
      "fontFamily" : "inherit",
      "fontSize" : 20,
      "fontStyle" : "normal",
      "fontWeight" : "normal",
      "heightPolicy" : "naturalSize",
      "horzGravity" : "left",
      "name" : "StaticText27398",
      "text" : "@text.navbarlogo",
      "type" : "StaticText",
      "uuid" : "426a864f-483c-4a94-b948-54e2de952b83",
      "v" : 16,
      "vertGravity" : "center",
      "widthPolicy" : "naturalSize"
    }, {
      "borderColor" : "Default",
      "borderRadius" : 4,
      "borderThickness" : 0,
      "children" : [ "51a8ded8-a037-457b-a913-632dab5bd491" ],
      "heightPolicy" : "naturalSize",
      "horzGravity" : "center",
      "innerMargin" : 20,
      "name" : "HorizontalLayout17",
      "type" : "HorizontalLayout",
      "uuid" : "4650e5b9-6fe2-4b78-8710-9bc5d57b2587",
      "v" : 16,
      "vertGravity" : "center",
      "widthPolicy" : "sizeToCell"
    }, {
      "borderColor" : "Default",
      "borderRadius" : 4,
      "borderThickness" : 0,
      "heightPolicy" : "naturalSize",
      "horzGravity" : "center",
      "name" : "StaticImage39",
      "preserveAspectRatio" : true,
      "type" : "StaticImage",
      "url" : "../../docs/images/LogoPlaceHolder.png",
      "uuid" : "4692232a-5d66-4120-bf4c-f256c3a4f086",
      "v" : 16,
      "vertGravity" : "center",
      "widthPolicy" : "naturalSize"
    }, {
      "borderColor" : "Default",
      "borderRadius" : 4,
      "borderThickness" : 0,
      "fontFamily" : "inherit",
      "fontSize" : 20,
      "fontStyle" : "normal",
      "fontWeight" : "normal",
      "heightPolicy" : "naturalSize",
      "horzGravity" : "left",
      "name" : "StaticText17",
      "text" : "@label.text.organizationinfo",
      "type" : "StaticText",
      "uuid" : "51a8ded8-a037-457b-a913-632dab5bd491",
      "v" : 16,
      "vertGravity" : "center",
      "widthPolicy" : "naturalSize"
    }, {
      "binding" : "page.data.foregroundColor",
      "borderColor" : "Default",
      "borderRadius" : 4,
      "borderThickness" : 0,
      "defaultValue" : "",
      "heightPolicy" : "naturalSize",
      "horzGravity" : "center",
      "inputType" : "text",
      "label" : "@label.text.foregroundcolor",
      "name" : "InputString8536",
      "optional" : true,
      "placeholder" : "",
      "type" : "InputString",
      "uuid" : "6e3cdb69-00de-48fe-8c12-18151d712912",
      "v" : 16,
      "vertGravity" : "center",
      "widthPolicy" : "sizeToCell"
    }, {
      "borderColor" : "Default",
      "borderRadius" : 4,
      "borderThickness" : 0,
      "fontFamily" : "inherit",
      "fontSize" : 20,
      "fontStyle" : "normal",
      "fontWeight" : "normal",
      "heightPolicy" : "naturalSize",
      "horzGravity" : "left",
      "name" : "StaticText26519",
      "text" : "@text.colortheme",
      "type" : "StaticText",
      "uuid" : "765d3abd-ec74-41f5-8c81-4ccfab9aa269",
      "v" : 16,
      "vertGravity" : "center",
      "widthPolicy" : "naturalSize"
    }, {
      "borderColor" : "Default",
      "borderRadius" : 4,
      "borderThickness" : 0,
      "children" : [ "4650e5b9-6fe2-4b78-8710-9bc5d57b2587", "a41366a0-2d5b-4e7f-82b6-80727c9d65fc", "27aa45e0-629d-4750-b790-1ca21b9dbc7b", "1a13a7f7-3204-4dbd-8776-a81b191e331f" ],
      "heightPolicy" : "naturalSize",
      "horzGravity" : "center",
      "innerMargin" : 20,
      "name" : "VerticalLayout8",
      "type" : "VerticalLayout",
      "uuid" : "8702da15-19b7-481a-944b-024e52fd27b3",
      "v" : 16,
      "vertGravity" : "center",
      "w" : 450,
      "widthPolicy" : "explicit",
      "x" : 10,
      "y" : 10
    }, {
      "backgroundColor" : "default",
      "borderColor" : "Default",
      "borderRadius" : 4,
      "borderThickness" : 0,
      "children" : [ "9a57521b-6fc3-43ed-95b5-118d0f7838fe", "e6549a5e-1a59-4d33-a20d-55d0f312bac9" ],
      "column" : 0,
      "fontFace" : "inherit",
      "fontSize" : 16,
      "fontStyle" : "normal",
      "heightPolicy" : "sizeToCell",
      "horzGravity" : "center",
      "horzMargin" : 0,
      "name" : "TabbedLayout29",
      "row" : 0,
      "type" : "TabbedLayout",
      "uuid" : "8b44775e-1c5c-4b6c-8990-2567b42b52b2",
      "v" : 16,
      "vertGravity" : "center",
      "vertMargin" : 0,
      "widthPolicy" : "sizeToCell"
    }, {
      "backgroundColor" : "rgb(255, 255, 255)",
      "borderColor" : "Default",
      "borderThickness" : 0,
      "children" : [ "8702da15-19b7-481a-944b-024e52fd27b3" ],
      "heightPolicy" : "sizeToCell",
      "horzGravity" : "center",
      "horzMargin" : 0,
      "name" : "FixedLayout59",
      "tabName" : "@tab.label.organization",
      "type" : "FixedLayout",
      "uuid" : "9a57521b-6fc3-43ed-95b5-118d0f7838fe",
      "v" : 16,
      "vertGravity" : "center",
      "vertMargin" : 0,
      "widthPolicy" : "sizeToCell"
    }, {
      "binding" : "client.data.organization.id",
      "borderColor" : "Default",
      "borderRadius" : 4,
      "borderThickness" : 0,
      "defaultValue" : "",
      "heightPolicy" : "naturalSize",
      "horzGravity" : "center",
      "inputType" : "text",
      "isReadOnly" : true,
      "label" : "@text.id",
      "name" : "InputString1",
      "optional" : true,
      "placeholder" : "",
      "type" : "InputString",
      "uuid" : "a41366a0-2d5b-4e7f-82b6-80727c9d65fc",
      "v" : 16,
      "vertGravity" : "center",
      "widthPolicy" : "sizeToCell"
    }, {
      "binding" : "page.data.buttonBackgroundColor",
      "borderColor" : "Default",
      "borderRadius" : 4,
      "borderThickness" : 0,
      "defaultValue" : "",
      "heightPolicy" : "naturalSize",
      "horzGravity" : "center",
      "inputType" : "text",
      "label" : "@label.text.buttonbackgroundcolor",
      "name" : "InputString8537",
      "optional" : true,
      "placeholder" : "",
      "type" : "InputString",
      "uuid" : "cd4ebf08-32ec-4756-a5f3-277c1a97db34",
      "v" : 16,
      "vertGravity" : "center",
      "widthPolicy" : "sizeToCell"
    }, {
      "borderColor" : "Default",
      "borderRadius" : 4,
      "borderThickness" : 0,
      "children" : [ "31592c64-193e-4a6d-8fda-3e7b6170d127", "1c9aa636-9e91-4cd0-9dbb-6cbca88344a1", "765d3abd-ec74-41f5-8c81-4ccfab9aa269", "6e3cdb69-00de-48fe-8c12-18151d712912", "cd4ebf08-32ec-4756-a5f3-277c1a97db34", "426a864f-483c-4a94-b948-54e2de952b83", "e33d013b-4db4-4de2-b66b-4843dee40c58", "29cf2a0c-a8da-413d-80c9-264f9d2b90c6" ],
      "heightPolicy" : "naturalSize",
      "horzGravity" : "center",
      "innerMargin" : 20,
      "name" : "VerticalLayout9812",
      "type" : "VerticalLayout",
      "uuid" : "dcd6b5e3-233a-4aa4-896f-e1d2855035fd",
      "v" : 16,
      "vertGravity" : "center",
      "w" : 450,
      "widthPolicy" : "explicit",
      "x" : 10,
      "y" : 10
    }, {
      "backgroundColor" : "#cccccc",
      "borderColor" : "Default",
      "borderRadius" : 4,
      "borderThickness" : 1,
      "children" : [ "4692232a-5d66-4120-bf4c-f256c3a4f086" ],
      "heightPolicy" : "naturalSize",
      "horzGravity" : "center",
      "innerMargin" : 20,
      "name" : "HorizontalLayout9973",
      "type" : "HorizontalLayout",
      "uuid" : "e33d013b-4db4-4de2-b66b-4843dee40c58",
      "v" : 16,
      "vertGravity" : "center",
      "widthPolicy" : "sizeToCell"
    }, {
      "backgroundColor" : "rgb(255, 255, 255)",
      "borderColor" : "Default",
      "borderThickness" : 0,
      "children" : [ "dcd6b5e3-233a-4aa4-896f-e1d2855035fd" ],
      "heightPolicy" : "sizeToCell",
      "horzGravity" : "center",
      "horzMargin" : 0,
      "name" : "FixedLayout60",
      "tabName" : "@tab.label.theme",
      "type" : "FixedLayout",
      "uuid" : "e6549a5e-1a59-4d33-a20d-55d0f312bac9",
      "v" : 16,
      "vertGravity" : "center",
      "vertMargin" : 0,
      "widthPolicy" : "sizeToCell"
    } ]
  },
  "data" : {
    "properties" : {
      "buttonBackgroundColor" : {
        "defaultLabel" : "buttonBackgroundColor",
        "defaultValue" : "",
        "type" : "String"
      },
      "foregroundColor" : {
        "defaultLabel" : "foregroundColor",
        "defaultValue" : "",
        "type" : "String"
      },
      "logoheight" : {
        "defaultLabel" : "logoheight",
        "defaultValue" : "",
        "type" : "String"
      },
      "logopath" : {
        "defaultLabel" : "logopath",
        "defaultValue" : "",
        "type" : "String"
      },
      "logowidth" : {
        "defaultLabel" : "logowidth",
        "defaultValue" : "",
        "type" : "String"
      },
      "navbarBackgrounColor" : {
        "defaultLabel" : "navbarBackgrounColor",
        "defaultValue" : "",
        "type" : "String"
      }
    }
  },
  "footerChildren" : [ ],
  "hasFooter" : false,
  "layoutType" : "single",
  "responseTopic" : ""
}