{
  "bodyChildren" : {
    "rootArray" : [ "37365514-a18d-4a1f-98b9-7d90f6e3ee4b" ],
    "widgets" : [ {
      "borderColor" : "Default",
      "borderRadius" : 4,
      "borderThickness" : 1,
      "children" : [ "d233a354-767e-4699-9c7a-d71746a25679" ],
      "column" : 0,
      "heightPolicy" : "sizeToCell",
      "horzGravity" : "center",
      "innerMargin" : 20,
      "name" : "VerticalLayout7667",
      "row" : 0,
      "type" : "VerticalLayout",
      "uuid" : "37365514-a18d-4a1f-98b9-7d90f6e3ee4b",
      "v" : 16,
      "vertGravity" : "center",
      "widthPolicy" : "sizeToCell"
    }, {
      "backgroundColor" : "default",
      "borderColor" : "Default",
      "borderRadius" : 4,
      "borderThickness" : 0,
      "cellFontColor" : "default",
      "cellFontFace" : "inherit",
      "cellFontSize" : 14,
      "cellFontStyle" : "plain",
      "clearOnDataArrive" : true,
      "columnDescriptors" : [ {
        "colorRules" : null,
        "dataType" : "String",
        "propertyName" : "firstname",
        "selected" : false,
        "title" : "First Name"
      }, {
        "colorRules" : null,
        "dataType" : "String",
        "propertyName" : "lastname",
        "selected" : false,
        "title" : "Last Name"
      }, {
        "buttonIcon" : "fa-times-circle",
        "buttonLabel" : "Delete",
        "colorRules" : null,
        "dataType" : "Button",
        "isLinkStyle" : true,
        "propertyName" : "ButtonDelete",
        "selected" : false,
        "title" : ""
      }, {
        "buttonIcon" : "fa-pencil-square-o",
        "buttonLabel" : "Edit",
        "colorRules" : null,
        "dataType" : "Button",
        "isLinkStyle" : true,
        "propertyName" : "ButtonEdit",
        "selected" : false,
        "title" : ""
      } ],
      "columnSort" : true,
      "dataStreamGroupedByFiltersString" : "",
      "dataStreamUUID" : "80888a63-ff71-42c6-80bd-eb3de2718f0b",
      "dataType" : null,
      "headerFontColor" : "default",
      "headerFontFace" : "inherit",
      "headerFontSize" : 14,
      "headerFontStyle" : "plain",
      "heightPolicy" : "naturalSize",
      "horzGravity" : "center",
      "name" : "DataTable1534",
      "operation" : "insert",
      "rowsPerPage" : 18,
      "showMaximizeButton" : false,
      "showPaging" : true,
      "type" : "DataTable",
      "uuid" : "9489795e-cb14-4681-8ad7-8d9ee82cf048",
      "v" : 16,
      "vertGravity" : "top",
      "vertWeight" : 1,
      "w" : 600,
      "widthPolicy" : "explicit"
    }, {
      "borderColor" : "Default",
      "borderRadius" : 4,
      "borderThickness" : 0,
      "children" : [ "f2579f69-909c-47c8-91ff-91a4e042b140", "9489795e-cb14-4681-8ad7-8d9ee82cf048", "da19908e-ea98-4e6e-8bc4-4fef851a73aa" ],
      "heightPolicy" : "sizeToCell",
      "horzGravity" : "left",
      "innerMargin" : 20,
      "name" : "VerticalLayout16103",
      "type" : "VerticalLayout",
      "uuid" : "d233a354-767e-4699-9c7a-d71746a25679",
      "v" : 16,
      "vertGravity" : "top",
      "vertWeight" : 1,
      "widthPolicy" : "naturalSize"
    }, {
      "borderColor" : "Default",
      "borderRadius" : 4,
      "borderThickness" : 0,
      "buttonBackgroundColor" : "#01186b",
      "buttonLabel" : "Add Person",
      "buttonLabelColor" : "platform",
      "buttonLabelSize" : 14,
      "buttonLabelStyle" : "bold",
      "h" : 60,
      "heightPolicy" : "explicit",
      "horzGravity" : "center",
      "name" : "Button6498",
      "submitValue" : 100,
      "type" : "Button",
      "uuid" : "da19908e-ea98-4e6e-8bc4-4fef851a73aa",
      "v" : 16,
      "vertGravity" : "center",
      "widthPolicy" : "sizeToCell"
    }, {
      "borderColor" : "Default",
      "borderRadius" : 4,
      "borderThickness" : 0,
      "fontFamily" : "inherit",
      "fontSize" : 20,
      "fontStyle" : "normal",
      "fontWeight" : "normal",
      "heightPolicy" : "naturalSize",
      "horzGravity" : "left",
      "name" : "StaticText21998",
      "text" : "Personnel",
      "type" : "StaticText",
      "uuid" : "f2579f69-909c-47c8-91ff-91a4e042b140",
      "v" : 16,
      "vertGravity" : "center",
      "widthPolicy" : "naturalSize"
    } ]
  },
  "data" : {
    "properties" : { }
  },
  "footerChildren" : [ ],
  "hasFooter" : false,
  "layoutType" : "single",
  "responseTopic" : ""
}