{
  "bodyChildren" : {
    "rootArray" : [ "3a69a451-98df-4f73-a732-982b9cfc1d61" ],
    "widgets" : [ {
      "borderColor" : "Default",
      "borderRadius" : 4,
      "borderThickness" : 1,
      "children" : [ "a07629d3-08fe-48fa-9d9a-75034a4c0f0b" ],
      "column" : 0,
      "heightPolicy" : "sizeToCell",
      "horzGravity" : "center",
      "innerMargin" : 20,
      "name" : "VerticalLayout16151",
      "row" : 0,
      "type" : "VerticalLayout",
      "uuid" : "3a69a451-98df-4f73-a732-982b9cfc1d61",
      "v" : 16,
      "vertGravity" : "center",
      "widthPolicy" : "sizeToCell"
    }, {
      "backgroundColor" : "default",
      "borderColor" : "Default",
      "borderRadius" : 4,
      "borderThickness" : 0,
      "cellFontColor" : "default",
      "cellFontFace" : "inherit",
      "cellFontSize" : 14,
      "cellFontStyle" : "plain",
      "clearOnDataArrive" : true,
      "columnDescriptors" : [ {
        "colorRules" : null,
        "dataType" : "String",
        "propertyName" : "name",
        "selected" : false,
        "title" : "@text.name"
      }, {
        "colorRules" : null,
        "dataType" : "String",
        "propertyName" : "description",
        "selected" : false,
        "title" : "@text.description"
      }, {
        "buttonIcon" : "fa-times-circle",
        "buttonLabel" : "@button.delete",
        "colorRules" : null,
        "dataType" : "Button",
        "isLinkStyle" : true,
        "propertyName" : "ButtonDelete",
        "selected" : false,
        "title" : ""
      }, {
        "buttonIcon" : "fa-pencil-square-o",
        "buttonLabel" : "@button.edit",
        "colorRules" : null,
        "dataType" : "Button",
        "isLinkStyle" : true,
        "propertyName" : "ButtonEdit",
        "selected" : false,
        "title" : ""
      } ],
      "columnSort" : true,
      "dataStreamGroupedByFiltersString" : "",
      "dataStreamUUID" : "4fcde8f0-d644-4fe9-82c5-a8b8038a4ba7",
      "dataType" : null,
      "headerFontColor" : "default",
      "headerFontFace" : "inherit",
      "headerFontSize" : 14,
      "headerFontStyle" : "plain",
      "heightPolicy" : "naturalSize",
      "horzGravity" : "center",
      "name" : "DataTable1826",
      "operation" : "insert",
      "rowsPerPage" : 18,
      "showMaximizeButton" : false,
      "showPaging" : true,
      "type" : "DataTable",
      "uuid" : "7ad9b099-30a6-4c22-b22b-a3092e24f929",
      "v" : 16,
      "vertGravity" : "top",
      "vertWeight" : 1,
      "w" : 600,
      "widthPolicy" : "explicit"
    }, {
      "borderColor" : "Default",
      "borderRadius" : 4,
      "borderThickness" : 0,
      "buttonBackgroundColor" : "#01186b",
      "buttonLabel" : "Add Sensor Type",
      "buttonLabelColor" : "platform",
      "buttonLabelSize" : 14,
      "buttonLabelStyle" : "bold",
      "h" : 60,
      "heightPolicy" : "explicit",
      "horzGravity" : "center",
      "name" : "Button7439",
      "submitValue" : 100,
      "type" : "Button",
      "uuid" : "9b6a42fa-2ace-42f8-97d7-7d40b00d5da3",
      "v" : 16,
      "vertGravity" : "bottom",
      "widthPolicy" : "sizeToCell"
    }, {
      "borderColor" : "Default",
      "borderRadius" : 4,
      "borderThickness" : 0,
      "children" : [ "eaab4556-4cfc-47a9-b16c-88ecb0641fcb", "7ad9b099-30a6-4c22-b22b-a3092e24f929", "9b6a42fa-2ace-42f8-97d7-7d40b00d5da3" ],
      "heightPolicy" : "sizeToCell",
      "horzGravity" : "left",
      "innerMargin" : 20,
      "name" : "VerticalLayout8638",
      "type" : "VerticalLayout",
      "uuid" : "a07629d3-08fe-48fa-9d9a-75034a4c0f0b",
      "v" : 16,
      "vertGravity" : "top",
      "widthPolicy" : "naturalSize"
    }, {
      "borderColor" : "Default",
      "borderRadius" : 4,
      "borderThickness" : 0,
      "fontFamily" : "inherit",
      "fontSize" : 20,
      "fontStyle" : "normal",
      "fontWeight" : "normal",
      "heightPolicy" : "naturalSize",
      "horzGravity" : "left",
      "name" : "StaticText25053",
      "text" : "@label.text.sensortypes",
      "type" : "StaticText",
      "uuid" : "eaab4556-4cfc-47a9-b16c-88ecb0641fcb",
      "v" : 16,
      "vertGravity" : "center",
      "widthPolicy" : "naturalSize"
    } ]
  },
  "data" : {
    "properties" : { }
  },
  "footerChildren" : [ ],
  "hasFooter" : false,
  "layoutType" : "single",
  "responseTopic" : ""
}