{
  "bodyChildren" : {
    "rootArray" : [ "c63b8add-dbf1-4865-8354-68441b0d4c26" ],
    "widgets" : [ {
      "borderColor" : "Default",
      "borderRadius" : 4,
      "borderThickness" : 0,
      "column" : 0,
      "fontFamily" : "inherit",
      "fontSize" : 20,
      "fontStyle" : "normal",
      "fontWeight" : "normal",
      "heightPolicy" : "naturalSize",
      "horzGravity" : "center",
      "name" : "StaticText25185",
      "row" : 2,
      "text" : "@text.assets",
      "type" : "StaticText",
      "uuid" : "043e8327-0bae-4f62-a7d9-8bf7f00e1399",
      "v" : 16,
      "vertGravity" : "center",
      "widthPolicy" : "naturalSize"
    }, {
      "borderColor" : "Default",
      "borderRadius" : 4,
      "borderThickness" : 0,
      "column" : 0,
      "fontFamily" : "inherit",
      "fontSize" : 20,
      "fontStyle" : "normal",
      "fontWeight" : "normal",
      "heightPolicy" : "naturalSize",
      "horzGravity" : "left",
      "name" : "StaticText27875",
      "row" : 4,
      "text" : "@label.text.issueslist",
      "type" : "StaticText",
      "uuid" : "263eafd7-7942-43d2-983a-a6f6cf4e56b6",
      "v" : 16,
      "vertGravity" : "center",
      "widthPolicy" : "naturalSize"
    }, {
      "backgroundColor" : "#ff9800",
      "borderColor" : "Default",
      "borderRadius" : 4,
      "borderThickness" : 1,
      "column" : 1,
      "dataStreamGroupedByFiltersString" : "",
      "dataStreamProperty" : "sensors",
      "dataStreamUUID" : "81aa28e4-4e86-45c1-997b-3fc0b7a1a799",
      "dataType" : null,
      "fontFace" : "inherit",
      "fontSize" : 48,
      "fontStyle" : "normal",
      "fontWeight" : "normal",
      "foregroundColor" : "#ffffff",
      "h" : 150,
      "heightPolicy" : "explicit",
      "horzGravity" : "center",
      "icon" : null,
      "name" : "NumberViewer10",
      "naturalKey" : null,
      "naturalKeyValue" : null,
      "operation" : "insert",
      "row" : 3,
      "type" : "NumberViewer",
      "units" : "",
      "uuid" : "2810abe0-37df-48f4-8754-04c404ce61d0",
      "v" : 16,
      "vertGravity" : "center",
      "w" : 150,
      "widthPolicy" : "explicit"
    }, {
      "borderColor" : "Default",
      "borderRadius" : 4,
      "borderThickness" : 0,
      "clearOnDataArrive" : true,
      "column" : 3,
      "dataStreamGroupedByFiltersString" : "",
      "dataStreamProperty" : "geo",
      "dataStreamUUID" : "d7368714-b04e-4085-b90a-d3f2eb0042be",
      "dataType" : null,
      "fixedCenter" : true,
      "h" : 521,
      "heightPolicy" : "explicit",
      "horzGravity" : "center",
      "labelProperty" : "buildingname",
      "name" : "DynamicMapViewer58",
      "naturalKey" : null,
      "operation" : "insert",
      "row" : 1,
      "type" : "DynamicMapViewer",
      "uuid" : "3382af7b-0d71-493f-893e-d4764365fc0f",
      "v" : 16,
      "vertGravity" : "top",
      "vertWeight" : 1,
      "w" : 521,
      "widthPolicy" : "explicit"
    }, {
      "borderColor" : "Default",
      "borderRadius" : 4,
      "borderThickness" : 0,
      "children" : [ "905c6325-01ef-4ba4-8495-9a5fa6d2cd81", "7529d0e3-947b-4220-88c1-76633037e222", "3382af7b-0d71-493f-893e-d4764365fc0f" ],
      "heightPolicy" : "sizeToCell",
      "horzGravity" : "left",
      "innerMargin" : 20,
      "name" : "VerticalLayout11058",
      "type" : "VerticalLayout",
      "uuid" : "3d39b72d-df88-4607-8434-298883fabdaf",
      "v" : 16,
      "vertGravity" : "top",
      "widthPolicy" : "naturalSize"
    }, {
      "borderColor" : "Default",
      "borderRadius" : 4,
      "borderThickness" : 0,
      "column" : 2,
      "fontFamily" : "inherit",
      "fontSize" : 20,
      "fontStyle" : "normal",
      "fontWeight" : "normal",
      "heightPolicy" : "naturalSize",
      "horzGravity" : "center",
      "name" : "StaticText2520",
      "row" : 0,
      "text" : "@text.spaces",
      "type" : "StaticText",
      "uuid" : "42337e5e-f437-4c67-889e-22bf66329d7b",
      "v" : 16,
      "vertGravity" : "center",
      "widthPolicy" : "naturalSize"
    }, {
      "backgroundColor" : "#ff9800",
      "borderColor" : "Default",
      "borderRadius" : 4,
      "borderThickness" : 1,
      "column" : 0,
      "dataStreamGroupedByFiltersString" : "",
      "dataStreamProperty" : "buildings",
      "dataStreamUUID" : "81aa28e4-4e86-45c1-997b-3fc0b7a1a799",
      "dataType" : null,
      "fontFace" : "inherit",
      "fontSize" : 48,
      "fontStyle" : "normal",
      "fontWeight" : "normal",
      "foregroundColor" : "#ffffff",
      "h" : 150,
      "heightPolicy" : "explicit",
      "horzGravity" : "center",
      "icon" : null,
      "name" : "NumberViewer1",
      "naturalKey" : null,
      "naturalKeyValue" : null,
      "operation" : "insert",
      "row" : 1,
      "type" : "NumberViewer",
      "units" : "",
      "uuid" : "43a774a4-b7cf-49a0-959c-d467b9154d26",
      "v" : 16,
      "vertGravity" : "center",
      "w" : 150,
      "widthPolicy" : "explicit"
    }, {
      "backgroundColor" : "default",
      "borderColor" : "Default",
      "borderRadius" : 4,
      "borderThickness" : 0,
      "cellFontColor" : "default",
      "cellFontFace" : "inherit",
      "cellFontSize" : 14,
      "cellFontStyle" : "plain",
      "clearOnDataArrive" : true,
      "column" : 0,
      "columnDescriptors" : [ {
        "colorRules" : null,
        "dataType" : "String",
        "propertyName" : "issuetype",
        "selected" : false,
        "title" : "@table.column.issuetype"
      }, {
        "colorRules" : [ {
          "bgColor" : "#ff0000",
          "fgColor" : "#fafafa",
          "operator" : 1,
          "value" : "Issue"
        }, {
          "bgColor" : "#ff0000",
          "fgColor" : "#fafafa",
          "operator" : 1,
          "value" : "Early Return"
        }, {
          "bgColor" : "#00ff00",
          "fgColor" : "#000000",
          "operator" : 1,
          "value" : "Open"
        }, {
          "bgColor" : "#ffff00",
          "fgColor" : "#000000",
          "operator" : 1,
          "value" : "Delayed"
        }, {
          "bgColor" : "#ff0000",
          "fgColor" : "#fafafa",
          "operator" : 1,
          "value" : "Overdue"
        }, {
          "bgColor" : "#00ff00",
          "fgColor" : "#000000",
          "operator" : 1,
          "value" : "In Progress"
        }, {
          "bgColor" : "#00ff00",
          "fgColor" : "#000000",
          "operator" : 1,
          "value" : "Complete"
        }, {
          "bgColor" : "#ff0000",
          "fgColor" : "#fafafa",
          "operator" : 1,
          "value" : "Critical"
        }, {
          "bgColor" : "#ffff00",
          "fgColor" : "#000000",
          "operator" : 1,
          "value" : "Warning"
        }, {
          "bgColor" : "#051aff",
          "fgColor" : "#ffffff",
          "operator" : 1,
          "value" : "Acknowledged"
        } ],
        "dataType" : "String",
        "propertyName" : "state",
        "selected" : false,
        "title" : "@table.column.state"
      }, {
        "colorRules" : null,
        "dataType" : "String",
        "propertyName" : "description",
        "selected" : false,
        "title" : "@text.description"
      }, {
        "buttonIcon" : "fa-binoculars",
        "buttonLabel" : "@button.view",
        "colorRules" : null,
        "dataType" : "Button",
        "isLinkStyle" : true,
        "propertyName" : "ButtonView",
        "selected" : false,
        "title" : ""
      } ],
      "columnSort" : true,
      "dataStreamGroupedByFiltersString" : "",
      "dataStreamUUID" : "d7368714-b04e-4085-b90a-d3f2eb0042be",
      "dataType" : null,
      "headerFontColor" : "default",
      "headerFontFace" : "inherit",
      "headerFontSize" : 14,
      "headerFontStyle" : "plain",
      "heightPolicy" : "naturalSize",
      "horzGravity" : "center",
      "name" : "DataTable2259",
      "operation" : "insert",
      "row" : 5,
      "rowsPerPage" : 25,
      "showMaximizeButton" : false,
      "showPaging" : true,
      "type" : "DataTable",
      "uuid" : "45fdf3da-44bf-441d-9a86-b2e5306e42fa",
      "v" : 16,
      "vertGravity" : "top",
      "vertWeight" : 1,
      "widthPolicy" : "sizeToCell"
    }, {
      "borderColor" : "Default",
      "borderRadius" : 4,
      "borderThickness" : 0,
      "column" : 1,
      "fontFamily" : "inherit",
      "fontSize" : 20,
      "fontStyle" : "normal",
      "fontWeight" : "normal",
      "heightPolicy" : "naturalSize",
      "horzGravity" : "center",
      "name" : "StaticText25186",
      "row" : 2,
      "text" : "@text.sensors",
      "type" : "StaticText",
      "uuid" : "621e4fbf-e991-437e-bac8-d705cf28e037",
      "v" : 16,
      "vertGravity" : "center",
      "widthPolicy" : "naturalSize"
    }, {
      "borderColor" : "Default",
      "borderRadius" : 4,
      "borderThickness" : 0,
      "column" : 3,
      "fontFamily" : "inherit",
      "fontSize" : 20,
      "fontStyle" : "normal",
      "fontWeight" : "normal",
      "heightPolicy" : "naturalSize",
      "horzGravity" : "center",
      "name" : "StaticText2581",
      "row" : 0,
      "text" : "@label.text.issuesmap",
      "type" : "StaticText",
      "uuid" : "7529d0e3-947b-4220-88c1-76633037e222",
      "v" : 16,
      "vertGravity" : "top",
      "widthPolicy" : "naturalSize"
    }, {
      "borderColor" : "Default",
      "borderRadius" : 4,
      "borderThickness" : 0,
      "column" : 1,
      "fontFamily" : "inherit",
      "fontSize" : 20,
      "fontStyle" : "normal",
      "fontWeight" : "normal",
      "heightPolicy" : "naturalSize",
      "horzGravity" : "center",
      "name" : "StaticText2519",
      "row" : 0,
      "text" : "@text.floors",
      "type" : "StaticText",
      "uuid" : "7999b7c3-be84-4d34-8fe4-91ce982a283c",
      "v" : 16,
      "vertGravity" : "center",
      "widthPolicy" : "naturalSize"
    }, {
      "backgroundColor" : "#ff3705",
      "borderColor" : "Default",
      "borderRadius" : 4,
      "borderThickness" : 1,
      "column" : 2,
      "dataStreamGroupedByFiltersString" : "",
      "dataStreamProperty" : "issues",
      "dataStreamUUID" : "81aa28e4-4e86-45c1-997b-3fc0b7a1a799",
      "dataType" : null,
      "fontFace" : "inherit",
      "fontSize" : 48,
      "fontStyle" : "normal",
      "fontWeight" : "normal",
      "foregroundColor" : "#ffffff",
      "h" : 150,
      "heightPolicy" : "explicit",
      "horzGravity" : "center",
      "icon" : null,
      "name" : "NumberViewer2",
      "naturalKey" : null,
      "naturalKeyValue" : null,
      "operation" : "insert",
      "row" : 3,
      "type" : "NumberViewer",
      "units" : "",
      "uuid" : "7c74e9c1-bb5b-40fe-8d28-c0359cd45db6",
      "v" : 16,
      "vertGravity" : "center",
      "w" : 150,
      "widthPolicy" : "explicit"
    }, {
      "borderColor" : "Default",
      "borderRadius" : 4,
      "borderThickness" : 0,
      "children" : [ "d2c7181e-ed51-4559-8446-4efd5532bee1", "7999b7c3-be84-4d34-8fe4-91ce982a283c", "42337e5e-f437-4c67-889e-22bf66329d7b", "43a774a4-b7cf-49a0-959c-d467b9154d26", "eceeca71-9b14-47bf-8af4-bb3036f86b90", "bbf00ba7-da85-4f27-9cf2-788bb9dbd3af", "043e8327-0bae-4f62-a7d9-8bf7f00e1399", "621e4fbf-e991-437e-bac8-d705cf28e037", "ffe40123-1ed6-4dd1-8210-f0036a34d7e0", "fbd325fe-dc5a-4d3d-82c5-3eae40682439", "2810abe0-37df-48f4-8754-04c404ce61d0", "7c74e9c1-bb5b-40fe-8d28-c0359cd45db6" ],
      "columns" : 3,
      "contextMenu" : [ {
        "key" : "refresh",
        "label" : "Refresh"
      } ],
      "heightPolicy" : "naturalSize",
      "horzGravity" : "center",
      "innerMargin" : 20,
      "name" : "GridLayout19",
      "rows" : 4,
      "type" : "GridLayout",
      "uuid" : "905c6325-01ef-4ba4-8495-9a5fa6d2cd81",
      "v" : 16,
      "vertGravity" : "top",
      "widthPolicy" : "naturalSize"
    }, {
      "borderColor" : "Default",
      "borderRadius" : 4,
      "borderThickness" : 0,
      "children" : [ "d81c0053-2fc4-46de-8a76-2ffb2b469409", "45fdf3da-44bf-441d-9a86-b2e5306e42fa" ],
      "heightPolicy" : "sizeToCell",
      "horzGravity" : "center",
      "horzWeight" : 1,
      "innerMargin" : 20,
      "name" : "VerticalLayout11057",
      "type" : "VerticalLayout",
      "uuid" : "93692f69-623d-4027-ade4-2efeea4507ae",
      "v" : 16,
      "vertGravity" : "top",
      "widthPolicy" : "sizeToCell"
    }, {
      "backgroundColor" : "#ff9800",
      "borderColor" : "Default",
      "borderRadius" : 4,
      "borderThickness" : 1,
      "column" : 2,
      "dataStreamGroupedByFiltersString" : "",
      "dataStreamProperty" : "spaces",
      "dataStreamUUID" : "81aa28e4-4e86-45c1-997b-3fc0b7a1a799",
      "dataType" : null,
      "fontFace" : "inherit",
      "fontSize" : 48,
      "fontStyle" : "normal",
      "fontWeight" : "normal",
      "foregroundColor" : "#ffffff",
      "h" : 150,
      "heightPolicy" : "explicit",
      "horzGravity" : "center",
      "icon" : null,
      "name" : "NumberViewer4",
      "naturalKey" : null,
      "naturalKeyValue" : null,
      "operation" : "insert",
      "row" : 1,
      "type" : "NumberViewer",
      "units" : "",
      "uuid" : "bbf00ba7-da85-4f27-9cf2-788bb9dbd3af",
      "v" : 16,
      "vertGravity" : "center",
      "w" : 150,
      "widthPolicy" : "explicit"
    }, {
      "borderColor" : "Default",
      "borderRadius" : 4,
      "borderThickness" : 0,
      "children" : [ "3d39b72d-df88-4607-8434-298883fabdaf", "93692f69-623d-4027-ade4-2efeea4507ae" ],
      "column" : 0,
      "heightPolicy" : "sizeToCell",
      "horzGravity" : "center",
      "innerMargin" : 20,
      "name" : "StartOuterHorizontalLayout",
      "row" : 0,
      "type" : "HorizontalLayout",
      "uuid" : "c63b8add-dbf1-4865-8354-68441b0d4c26",
      "v" : 16,
      "vertGravity" : "center",
      "widthPolicy" : "sizeToCell"
    }, {
      "borderColor" : "Default",
      "borderRadius" : 4,
      "borderThickness" : 0,
      "column" : 0,
      "fontFamily" : "inherit",
      "fontSize" : 20,
      "fontStyle" : "normal",
      "fontWeight" : "normal",
      "heightPolicy" : "naturalSize",
      "horzGravity" : "center",
      "name" : "StaticText2518",
      "row" : 0,
      "text" : "@text.buildings",
      "type" : "StaticText",
      "uuid" : "d2c7181e-ed51-4559-8446-4efd5532bee1",
      "v" : 16,
      "vertGravity" : "center",
      "widthPolicy" : "naturalSize"
    }, {
      "borderColor" : "Default",
      "borderRadius" : 4,
      "borderThickness" : 0,
      "children" : [ "263eafd7-7942-43d2-983a-a6f6cf4e56b6" ],
      "heightPolicy" : "naturalSize",
      "horzGravity" : "left",
      "innerMargin" : 20,
      "name" : "HorizontalLayout10296",
      "type" : "HorizontalLayout",
      "uuid" : "d81c0053-2fc4-46de-8a76-2ffb2b469409",
      "v" : 16,
      "vertGravity" : "top",
      "widthPolicy" : "naturalSize"
    }, {
      "backgroundColor" : "#ff9800",
      "borderColor" : "Default",
      "borderRadius" : 4,
      "borderThickness" : 1,
      "column" : 1,
      "dataStreamGroupedByFiltersString" : "",
      "dataStreamProperty" : "floors",
      "dataStreamUUID" : "81aa28e4-4e86-45c1-997b-3fc0b7a1a799",
      "dataType" : null,
      "fontFace" : "inherit",
      "fontSize" : 48,
      "fontStyle" : "normal",
      "fontWeight" : "normal",
      "foregroundColor" : "#ffffff",
      "h" : 150,
      "heightPolicy" : "explicit",
      "horzGravity" : "center",
      "icon" : null,
      "name" : "NumberViewer3",
      "naturalKey" : null,
      "naturalKeyValue" : null,
      "operation" : "insert",
      "row" : 1,
      "type" : "NumberViewer",
      "units" : "",
      "uuid" : "eceeca71-9b14-47bf-8af4-bb3036f86b90",
      "v" : 16,
      "vertGravity" : "center",
      "w" : 150,
      "widthPolicy" : "explicit"
    }, {
      "backgroundColor" : "#ff9800",
      "borderColor" : "Default",
      "borderRadius" : 4,
      "borderThickness" : 1,
      "column" : 0,
      "dataStreamGroupedByFiltersString" : "",
      "dataStreamProperty" : "assets",
      "dataStreamUUID" : "81aa28e4-4e86-45c1-997b-3fc0b7a1a799",
      "dataType" : null,
      "fontFace" : "inherit",
      "fontSize" : 48,
      "fontStyle" : "normal",
      "fontWeight" : "normal",
      "foregroundColor" : "#ffffff",
      "h" : 150,
      "heightPolicy" : "explicit",
      "horzGravity" : "center",
      "icon" : null,
      "name" : "NumberViewer9",
      "naturalKey" : null,
      "naturalKeyValue" : null,
      "operation" : "insert",
      "row" : 3,
      "type" : "NumberViewer",
      "units" : "",
      "uuid" : "fbd325fe-dc5a-4d3d-82c5-3eae40682439",
      "v" : 16,
      "vertGravity" : "center",
      "w" : 150,
      "widthPolicy" : "explicit"
    }, {
      "borderColor" : "Default",
      "borderRadius" : 4,
      "borderThickness" : 0,
      "column" : 2,
      "fontFamily" : "inherit",
      "fontSize" : 20,
      "fontStyle" : "normal",
      "fontWeight" : "normal",
      "heightPolicy" : "naturalSize",
      "horzGravity" : "center",
      "name" : "StaticText2521",
      "row" : 2,
      "text" : "@text.issues",
      "type" : "StaticText",
      "uuid" : "ffe40123-1ed6-4dd1-8210-f0036a34d7e0",
      "v" : 16,
      "vertGravity" : "center",
      "widthPolicy" : "naturalSize"
    } ]
  },
  "data" : {
    "properties" : { }
  },
  "footerChildren" : [ ],
  "hasFooter" : false,
  "layoutType" : "single",
  "responseTopic" : ""
}