{
  "bodyChildren" : {
    "rootArray" : [ "54bc950d-a2a4-4f31-8905-de0e9cef713c", "06bbc61e-4620-404f-8b9a-b2f64cd75cc3", "10d75412-e1ab-4009-a179-21dca7111f1e", "570a7ae1-70a4-4613-94a2-22dc09feffbf", "e4fafc20-ffa1-4a1f-8f00-7ce73eb3f7d5", "3aeb0b7d-3a5c-49d9-9cc5-b38683bb506e" ],
    "widgets" : [ {
      "borderColor" : "Default",
      "borderRadius" : 4,
      "borderThickness" : 0,
      "children" : [ "9211e6a8-6c6c-4ba1-a9ce-aba9fb31b1e1", "a803a1ee-f943-4a3d-bebc-a981b838a368" ],
      "heightPolicy" : "naturalSize",
      "horzGravity" : "center",
      "innerMargin" : 20,
      "name" : "HorizontalLayout11061",
      "type" : "HorizontalLayout",
      "uuid" : "06bbc61e-4620-404f-8b9a-b2f64cd75cc3",
      "v" : 16,
      "vertGravity" : "center",
      "widthPolicy" : "sizeToCell"
    }, {
      "binding" : "page.data.space",
      "borderColor" : "Default",
      "borderRadius" : 4,
      "borderThickness" : 0,
      "defaultValue" : "",
      "heightPolicy" : "naturalSize",
      "horzGravity" : "center",
      "inputType" : "text",
      "label" : "In or near",
      "name" : "InputString10559",
      "optional" : true,
      "placeholder" : "",
      "type" : "InputString",
      "uuid" : "10d75412-e1ab-4009-a179-21dca7111f1e",
      "v" : 16,
      "vertGravity" : "center",
      "widthPolicy" : "sizeToCell"
    }, {
      "borderColor" : "Default",
      "borderRadius" : 4,
      "borderThickness" : 0,
      "clearOnDataArrive" : true,
      "dataStreamGroupedByFiltersString" : "",
      "dataStreamProperty" : "fplocation",
      "dataStreamUUID" : "3bef706e-eaf8-4679-93a4-42982a93b302",
      "dataType" : null,
      "heightPolicy" : "naturalSize",
      "horzGravity" : "left",
      "imageHeightInLocationUnits" : 25,
      "imageWidthInLocationUnits" : 30,
      "isScaleable" : false,
      "labelProperty" : "id",
      "name" : "FloorplanViewer837",
      "naturalKey" : null,
      "operation" : "insert",
      "type" : "FloorplanViewer",
      "url" : "../cmn/img/floorplan.png",
      "uuid" : "3aeb0b7d-3a5c-49d9-9cc5-b38683bb506e",
      "v" : 16,
      "vertGravity" : "center",
      "widthPolicy" : "naturalSize"
    }, {
      "borderColor" : "Default",
      "borderRadius" : 4,
      "borderThickness" : 0,
      "children" : [ ],
      "heightPolicy" : "naturalSize",
      "horzGravity" : "center",
      "innerMargin" : 20,
      "name" : "HorizontalLayout11078",
      "type" : "HorizontalLayout",
      "uuid" : "54bc950d-a2a4-4f31-8905-de0e9cef713c",
      "v" : 16,
      "vertGravity" : "center",
      "widthPolicy" : "sizeToCell"
    }, {
      "binding" : "page.data.floor",
      "borderColor" : "Default",
      "borderRadius" : 4,
      "borderThickness" : 0,
      "defaultValue" : "",
      "heightPolicy" : "naturalSize",
      "horzGravity" : "center",
      "inputType" : "text",
      "label" : "Floor",
      "name" : "InputString10578",
      "optional" : true,
      "placeholder" : "",
      "type" : "InputString",
      "uuid" : "570a7ae1-70a4-4613-94a2-22dc09feffbf",
      "v" : 16,
      "vertGravity" : "center",
      "widthPolicy" : "sizeToCell"
    }, {
      "borderColor" : "Default",
      "borderRadius" : 4,
      "borderThickness" : 1,
      "defaultMinimumHeight" : 300,
      "defaultMinimumWidth" : 200,
      "h" : 100,
      "heightPolicy" : "explicit",
      "horzGravity" : "center",
      "horzizontalScrollPolicy" : "none",
      "html" : "<p><br></p>",
      "name" : "StaticHtml82",
      "type" : "StaticHtml",
      "uuid" : "9211e6a8-6c6c-4ba1-a9ce-aba9fb31b1e1",
      "v" : 16,
      "vertGravity" : "center",
      "verticalScrollPolicy" : "none",
      "w" : 100,
      "widthPolicy" : "explicit"
    }, {
      "borderColor" : "Default",
      "borderRadius" : 4,
      "borderThickness" : 1,
      "children" : [ "b198fe63-6565-43f6-a309-9fb85c39b57c" ],
      "h" : 100,
      "heightPolicy" : "explicit",
      "horzGravity" : "center",
      "innerMargin" : 20,
      "name" : "VerticalLayout11476",
      "type" : "VerticalLayout",
      "uuid" : "a803a1ee-f943-4a3d-bebc-a981b838a368",
      "v" : 16,
      "vertGravity" : "center",
      "widthPolicy" : "naturalSize"
    }, {
      "borderColor" : "Default",
      "borderRadius" : 4,
      "borderThickness" : 0,
      "defaultMinimumHeight" : 300,
      "defaultMinimumWidth" : 200,
      "h" : 50,
      "heightPolicy" : "explicit",
      "horzGravity" : "center",
      "horzizontalScrollPolicy" : "none",
      "html" : "<p>High Temperature:</p>",
      "name" : "StaticHtml92",
      "type" : "StaticHtml",
      "uuid" : "b198fe63-6565-43f6-a309-9fb85c39b57c",
      "v" : 16,
      "vertGravity" : "center",
      "verticalScrollPolicy" : "none",
      "widthPolicy" : "sizeToCell"
    }, {
      "binding" : "page.data.building",
      "borderColor" : "Default",
      "borderRadius" : 4,
      "borderThickness" : 0,
      "defaultValue" : "",
      "heightPolicy" : "naturalSize",
      "horzGravity" : "center",
      "inputType" : "text",
      "label" : "Building",
      "name" : "InputString10579",
      "optional" : true,
      "placeholder" : "",
      "type" : "InputString",
      "uuid" : "e4fafc20-ffa1-4a1f-8f00-7ce73eb3f7d5",
      "v" : 16,
      "vertGravity" : "center",
      "widthPolicy" : "sizeToCell"
    } ]
  },
  "data" : {
    "properties" : {
      "building" : {
        "defaultLabel" : "building",
        "defaultValue" : "",
        "type" : "String"
      },
      "floor" : {
        "defaultLabel" : "floor",
        "defaultValue" : "",
        "type" : "String"
      },
      "space" : {
        "defaultLabel" : "space",
        "defaultValue" : "",
        "type" : "String"
      }
    }
  },
  "footerChildren" : {
    "rootArray" : [ "6987d034-c0ca-4e5f-9afc-52228756bea9" ],
    "widgets" : [ {
      "borderColor" : "Default",
      "borderRadius" : 4,
      "borderThickness" : 0,
      "buttonBackgroundColor" : "#002da8",
      "buttonLabel" : "Close",
      "buttonLabelColor" : "platform",
      "buttonLabelSize" : 14,
      "buttonLabelStyle" : "bold",
      "h" : 60,
      "heightPolicy" : "explicit",
      "horzGravity" : "center",
      "name" : "Button9786",
      "submitValue" : 100,
      "type" : "Button",
      "uuid" : "6987d034-c0ca-4e5f-9afc-52228756bea9",
      "v" : 16,
      "vertGravity" : "center",
      "widthPolicy" : "sizeToCell"
    } ]
  },
  "hasFooter" : true,
  "layoutType" : "mobile",
  "responseTopic" : "/my/response/topic"
}