{
  "rootObj" : "28f49b18-b944-4c15-8814-b0a912a81609",
  "widgets" : [ {
    "borderColor" : "Default",
    "borderRadius" : 4,
    "borderThickness" : 0,
    "fontFace" : "inherit",
    "fontSize" : 14,
    "fontStyle" : "normal",
    "fontWeight" : "bold",
    "heightPolicy" : "naturalSize",
    "horzGravity" : "left",
    "name" : "MenuButton2",
    "text" : "@menu.viewusers.text",
    "type" : "MenuButton",
    "uuid" : "153ea2ce-23e4-4d12-971d-c3731b8d7030",
    "v" : 16,
    "vertGravity" : "center",
    "widthPolicy" : "naturalSize"
  }, {
    "borderColor" : "Default",
    "borderThickness" : 0,
    "children" : [ "6a2c4352-88fb-4faf-8600-530d096d2546", "5592508b-675a-4d3b-8cee-79d5ac118e1f", "ae20c021-5aa3-4b75-824a-725114665df1" ],
    "closeIcon" : "glyphicon-chevron-up",
    "defaultToOpen" : true,
    "fontFace" : "inherit",
    "fontSize" : 16,
    "fontStyle" : "normal",
    "fontWeight" : "bold",
    "heightPolicy" : "naturalSize",
    "horzGravity" : "center",
    "icon" : "fa-home",
    "innerMargin" : 5,
    "name" : "AccordionLayout1",
    "openIcon" : "glyphicon-chevron-down",
    "title" : "@menu.accordion.main.title",
    "titleBarColor" : "default",
    "type" : "AccordionLayout",
    "uuid" : "1a3bca62-1896-44ec-82a6-58b99a2d36e9",
    "v" : 16,
    "vertGravity" : "center",
    "vertMargin" : 41,
    "widthPolicy" : "sizeToCell"
  }, {
    "borderColor" : "Default",
    "borderThickness" : 0,
    "children" : [ "153ea2ce-23e4-4d12-971d-c3731b8d7030", "3e48cef6-cbef-4139-88d7-bb679b6794ed" ],
    "closeIcon" : "glyphicon-chevron-up",
    "fontFace" : "inherit",
    "fontSize" : 16,
    "fontStyle" : "normal",
    "fontWeight" : "bold",
    "heightPolicy" : "naturalSize",
    "horzGravity" : "center",
    "icon" : "fa-users",
    "innerMargin" : 5,
    "name" : "AccordionLayout2",
    "openIcon" : "glyphicon-chevron-down",
    "title" : "@menu.accordion.personnel.title",
    "titleBarColor" : "default",
    "type" : "AccordionLayout",
    "uuid" : "21e13f67-5110-4c3a-8b1d-4d5fd8fd3ccc",
    "v" : 16,
    "vertGravity" : "center",
    "vertMargin" : 41,
    "widthPolicy" : "sizeToCell"
  }, {
    "borderColor" : "Default",
    "borderThickness" : 0,
    "children" : [ "bfe16417-6d1b-4f32-ad2e-4626f4eb2b4a", "db212084-016d-4850-896b-2e25f247e6bb", "d87734a1-4e9d-4430-8dc3-7edb758ca820", "7c1637f4-28b1-4060-82d0-c0d2b4826407" ],
    "closeIcon" : "glyphicon-chevron-up",
    "fontFace" : "inherit",
    "fontSize" : 16,
    "fontStyle" : "normal",
    "fontWeight" : "bold",
    "heightPolicy" : "naturalSize",
    "horzGravity" : "center",
    "icon" : "fa-tachometer",
    "innerMargin" : 5,
    "name" : "AccordionLayout703",
    "openIcon" : "glyphicon-chevron-down",
    "title" : "@menu.accordion.sensors.title",
    "titleBarColor" : "default",
    "type" : "AccordionLayout",
    "uuid" : "2588b0a5-d852-4810-8e48-55aeb79498dc",
    "v" : 16,
    "vertGravity" : "center",
    "vertMargin" : 41,
    "widthPolicy" : "sizeToCell"
  }, {
    "backgroundColor" : "#ffffff",
    "borderColor" : "Default",
    "borderThickness" : 0,
    "children" : [ "1a3bca62-1896-44ec-82a6-58b99a2d36e9", "5d940b36-07d1-48dd-8f8a-c9bf074ed0db", "2588b0a5-d852-4810-8e48-55aeb79498dc", "21e13f67-5110-4c3a-8b1d-4d5fd8fd3ccc" ],
    "heightPolicy" : "naturalSize",
    "horzGravity" : "center",
    "horzMargin" : 5,
    "innerMargin" : 5,
    "name" : "_Sidebar_",
    "packTight" : true,
    "type" : "VerticalLayout",
    "uuid" : "28f49b18-b944-4c15-8814-b0a912a81609",
    "v" : 16,
    "vertGravity" : "center",
    "vertMargin" : 5,
    "vertWeight" : 1,
    "widthPolicy" : "sizeToCell"
  }, {
    "borderColor" : "Default",
    "borderRadius" : 4,
    "borderThickness" : 0,
    "fontFace" : "inherit",
    "fontSize" : 14,
    "fontStyle" : "normal",
    "fontWeight" : "bold",
    "heightPolicy" : "naturalSize",
    "horzGravity" : "left",
    "name" : "MenuButton28",
    "text" : "@menu.viewroles.text",
    "type" : "MenuButton",
    "uuid" : "3e48cef6-cbef-4139-88d7-bb679b6794ed",
    "v" : 16,
    "vertGravity" : "center",
    "widthPolicy" : "naturalSize"
  }, {
    "borderColor" : "Default",
    "borderRadius" : 4,
    "borderThickness" : 0,
    "fontFace" : "inherit",
    "fontSize" : 14,
    "fontStyle" : "normal",
    "fontWeight" : "bold",
    "heightPolicy" : "naturalSize",
    "horzGravity" : "left",
    "name" : "MenuButton33",
    "text" : "@menu.viewassettypes.text",
    "type" : "MenuButton",
    "uuid" : "485d9bd3-e36a-457b-8d79-350c05d18545",
    "v" : 16,
    "vertGravity" : "center",
    "widthPolicy" : "naturalSize"
  }, {
    "borderColor" : "Default",
    "borderRadius" : 4,
    "borderThickness" : 0,
    "fontFace" : "inherit",
    "fontSize" : 14,
    "fontStyle" : "normal",
    "fontWeight" : "bold",
    "heightPolicy" : "naturalSize",
    "horzGravity" : "left",
    "name" : "MenuButton1",
    "text" : "@menu.organization.text",
    "type" : "MenuButton",
    "uuid" : "5592508b-675a-4d3b-8cee-79d5ac118e1f",
    "v" : 16,
    "vertGravity" : "center",
    "widthPolicy" : "naturalSize"
  }, {
    "borderColor" : "Default",
    "borderThickness" : 0,
    "children" : [ "f40e7849-287b-4731-bd7e-3da047c5cc0e", "485d9bd3-e36a-457b-8d79-350c05d18545" ],
    "closeIcon" : "glyphicon-chevron-up",
    "fontFace" : "inherit",
    "fontSize" : 16,
    "fontStyle" : "normal",
    "fontWeight" : "bold",
    "heightPolicy" : "naturalSize",
    "horzGravity" : "center",
    "icon" : "fa-tags",
    "innerMargin" : 5,
    "name" : "AccordionLayout143",
    "openIcon" : "glyphicon-chevron-down",
    "title" : "@menu.accordion.assets.title",
    "titleBarColor" : "default",
    "type" : "AccordionLayout",
    "uuid" : "5d940b36-07d1-48dd-8f8a-c9bf074ed0db",
    "v" : 16,
    "vertGravity" : "center",
    "vertMargin" : 41,
    "widthPolicy" : "sizeToCell"
  }, {
    "borderColor" : "Default",
    "borderRadius" : 4,
    "borderThickness" : 0,
    "fontFace" : "inherit",
    "fontSize" : 14,
    "fontStyle" : "normal",
    "fontWeight" : "bold",
    "heightPolicy" : "naturalSize",
    "horzGravity" : "left",
    "name" : "MenuButton11",
    "text" : "@menu.home.text",
    "type" : "MenuButton",
    "uuid" : "6a2c4352-88fb-4faf-8600-530d096d2546",
    "v" : 16,
    "vertGravity" : "center",
    "widthPolicy" : "naturalSize"
  }, {
    "borderColor" : "Default",
    "borderRadius" : 4,
    "borderThickness" : 0,
    "fontFace" : "inherit",
    "fontSize" : 14,
    "fontStyle" : "normal",
    "fontWeight" : "bold",
    "heightPolicy" : "naturalSize",
    "horzGravity" : "left",
    "name" : "MenuButton45",
    "text" : "@menu.viewsensorconfig.text",
    "type" : "MenuButton",
    "uuid" : "7c1637f4-28b1-4060-82d0-c0d2b4826407",
    "v" : 16,
    "vertGravity" : "center",
    "widthPolicy" : "naturalSize"
  }, {
    "borderColor" : "Default",
    "borderRadius" : 4,
    "borderThickness" : 0,
    "fontFace" : "inherit",
    "fontSize" : 14,
    "fontStyle" : "normal",
    "fontWeight" : "bold",
    "heightPolicy" : "naturalSize",
    "horzGravity" : "left",
    "name" : "MenuButton3",
    "text" : "@menu.viewbuildings.text",
    "type" : "MenuButton",
    "uuid" : "ae20c021-5aa3-4b75-824a-725114665df1",
    "v" : 16,
    "vertGravity" : "center",
    "widthPolicy" : "naturalSize"
  }, {
    "borderColor" : "Default",
    "borderRadius" : 4,
    "borderThickness" : 0,
    "fontFace" : "inherit",
    "fontSize" : 14,
    "fontStyle" : "normal",
    "fontWeight" : "bold",
    "heightPolicy" : "naturalSize",
    "horzGravity" : "left",
    "name" : "MenuButton39",
    "text" : "@menu.viewsensors.text",
    "type" : "MenuButton",
    "uuid" : "bfe16417-6d1b-4f32-ad2e-4626f4eb2b4a",
    "v" : 16,
    "vertGravity" : "center",
    "widthPolicy" : "naturalSize"
  }, {
    "borderColor" : "Default",
    "borderRadius" : 4,
    "borderThickness" : 0,
    "fontFace" : "inherit",
    "fontSize" : 14,
    "fontStyle" : "normal",
    "fontWeight" : "bold",
    "heightPolicy" : "naturalSize",
    "horzGravity" : "left",
    "name" : "MenuButton104",
    "text" : "@menu.viewsensormanufacturers.text",
    "type" : "MenuButton",
    "uuid" : "d87734a1-4e9d-4430-8dc3-7edb758ca820",
    "v" : 16,
    "vertGravity" : "center",
    "widthPolicy" : "naturalSize"
  }, {
    "borderColor" : "Default",
    "borderRadius" : 4,
    "borderThickness" : 0,
    "fontFace" : "inherit",
    "fontSize" : 14,
    "fontStyle" : "normal",
    "fontWeight" : "bold",
    "heightPolicy" : "naturalSize",
    "horzGravity" : "left",
    "name" : "MenuButton38",
    "text" : "@menu.viewsensortype.text",
    "type" : "MenuButton",
    "uuid" : "db212084-016d-4850-896b-2e25f247e6bb",
    "v" : 16,
    "vertGravity" : "center",
    "widthPolicy" : "naturalSize"
  }, {
    "borderColor" : "Default",
    "borderRadius" : 4,
    "borderThickness" : 0,
    "fontFace" : "inherit",
    "fontSize" : 14,
    "fontStyle" : "normal",
    "fontWeight" : "bold",
    "heightPolicy" : "naturalSize",
    "horzGravity" : "left",
    "name" : "MenuButton29",
    "text" : "@menu.viewassets.text",
    "type" : "MenuButton",
    "uuid" : "f40e7849-287b-4731-bd7e-3da047c5cc0e",
    "v" : 16,
    "vertGravity" : "center",
    "widthPolicy" : "naturalSize"
  } ]
}