{
  "bodyChildren" : {
    "rootArray" : [ "8f7b03de-5b48-457b-b2d7-b891bd0bb574", "7b4c60bc-24de-4fd8-bcd1-6df0478ba5f8" ],
    "widgets" : [ {
      "borderColor" : "Default",
      "borderRadius" : 4,
      "borderThickness" : 0,
      "buttonBackgroundColor" : "platform",
      "buttonLabel" : "Reset All",
      "buttonLabelColor" : "platform",
      "buttonLabelSize" : 14,
      "buttonLabelStyle" : "bold",
      "h" : 60,
      "heightPolicy" : "explicit",
      "horzGravity" : "center",
      "name" : "Button9282",
      "submitValue" : 100,
      "type" : "Button",
      "uuid" : "7b4c60bc-24de-4fd8-bcd1-6df0478ba5f8",
      "v" : 16,
      "vertGravity" : "center",
      "widthPolicy" : "sizeToCell"
    }, {
      "borderColor" : "Default",
      "borderRadius" : 4,
      "borderThickness" : 0,
      "buttonBackgroundColor" : "platform",
      "buttonLabel" : "IndoorTracking Playback",
      "buttonLabelColor" : "platform",
      "buttonLabelSize" : 14,
      "buttonLabelStyle" : "bold",
      "h" : 60,
      "heightPolicy" : "explicit",
      "horzGravity" : "center",
      "name" : "Button11231",
      "submitValue" : 100,
      "type" : "Button",
      "uuid" : "8f7b03de-5b48-457b-b2d7-b891bd0bb574",
      "v" : 16,
      "vertGravity" : "center",
      "widthPolicy" : "sizeToCell"
    } ]
  },
  "data" : {
    "properties" : { }
  },
  "footerChildren" : [ ],
  "hasFooter" : false,
  "layoutType" : "mobile",
  "responseTopic" : "/my/response/topic"
}