{
  "bodyChildren" : {
    "rootArray" : [ "218f8674-3f65-419f-9619-9c83194a268b", "bacb0326-c07e-459f-8c22-ee584733c9d4", "98df9c2f-8b88-44af-a4dc-de1242d10a04", "06efd502-0467-4a9a-8120-11ad33848b76", "07de4511-9f8b-4d4a-8655-2ea827e724d5", "fd148622-35fc-4274-b412-3cfb4837b92c" ],
    "widgets" : [ {
      "borderColor" : "Default",
      "borderRadius" : 4,
      "borderThickness" : 1,
      "children" : [ "75d84e71-a9e8-49c3-8b0f-dff5f763386a", "34d3a868-007a-4869-a780-235d0e607b61", "b7f2988b-f7dc-48df-9887-aa2f52ef9af5", "a8f4c2ab-591a-44b1-81f1-f72515a2979d" ],
      "heightPolicy" : "naturalSize",
      "horzGravity" : "center",
      "innerMargin" : 20,
      "name" : "VerticalLayout10186",
      "type" : "VerticalLayout",
      "uuid" : "06efd502-0467-4a9a-8120-11ad33848b76",
      "v" : 16,
      "vertGravity" : "center",
      "widthPolicy" : "sizeToCell"
    }, {
      "borderColor" : "Default",
      "borderRadius" : 4,
      "borderThickness" : 0,
      "buttonBackgroundColor" : "#00ff11",
      "buttonLabel" : "Accept",
      "buttonLabelColor" : "#0903a6",
      "buttonLabelSize" : 14,
      "buttonLabelStyle" : "bold",
      "h" : 60,
      "heightPolicy" : "explicit",
      "horzGravity" : "center",
      "name" : "Button8459",
      "submitValue" : 100,
      "type" : "Button",
      "uuid" : "07de4511-9f8b-4d4a-8655-2ea827e724d5",
      "v" : 16,
      "vertGravity" : "center",
      "widthPolicy" : "sizeToCell"
    }, {
      "borderColor" : "Default",
      "borderRadius" : 4,
      "borderThickness" : 0,
      "fontFamily" : "inherit",
      "fontSize" : 20,
      "fontStyle" : "normal",
      "fontWeight" : "normal",
      "heightPolicy" : "naturalSize",
      "horzGravity" : "center",
      "name" : "StaticText27545",
      "text" : "Transport Request",
      "type" : "StaticText",
      "uuid" : "218f8674-3f65-419f-9619-9c83194a268b",
      "v" : 16,
      "vertGravity" : "center",
      "widthPolicy" : "naturalSize"
    }, {
      "binding" : "page.data.transport",
      "borderColor" : "Default",
      "borderRadius" : 4,
      "borderThickness" : 0,
      "defaultValue" : "",
      "heightPolicy" : "naturalSize",
      "horzGravity" : "center",
      "inputType" : "text",
      "isReadOnly" : true,
      "label" : "Transport Mode",
      "name" : "InputString9000",
      "optional" : true,
      "placeholder" : "",
      "type" : "InputString",
      "uuid" : "3325f6a3-6803-4ab6-bbc6-41af23cb8d35",
      "v" : 16,
      "vertGravity" : "center",
      "widthPolicy" : "sizeToCell"
    }, {
      "binding" : "page.data.dspace",
      "borderColor" : "Default",
      "borderRadius" : 4,
      "borderThickness" : 0,
      "defaultValue" : "",
      "heightPolicy" : "naturalSize",
      "horzGravity" : "center",
      "inputType" : "text",
      "isReadOnly" : true,
      "label" : "Building",
      "name" : "InputString8841",
      "optional" : true,
      "placeholder" : "",
      "type" : "InputString",
      "uuid" : "34d3a868-007a-4869-a780-235d0e607b61",
      "v" : 16,
      "vertGravity" : "center",
      "widthPolicy" : "sizeToCell"
    }, {
      "binding" : "page.data.ofloor",
      "borderColor" : "Default",
      "borderRadius" : 4,
      "borderThickness" : 0,
      "defaultValue" : "",
      "heightPolicy" : "naturalSize",
      "horzGravity" : "center",
      "inputType" : "text",
      "isReadOnly" : true,
      "label" : "Floor",
      "name" : "InputString8840",
      "optional" : true,
      "placeholder" : "",
      "type" : "InputString",
      "uuid" : "40b16776-a50b-4066-bd1b-3c0172eb1d9b",
      "v" : 16,
      "vertGravity" : "center",
      "widthPolicy" : "sizeToCell"
    }, {
      "binding" : "page.data.ospace",
      "borderColor" : "Default",
      "borderRadius" : 4,
      "borderThickness" : 0,
      "defaultValue" : "",
      "heightPolicy" : "naturalSize",
      "horzGravity" : "center",
      "inputType" : "text",
      "isReadOnly" : true,
      "label" : "Room",
      "name" : "InputString8839",
      "optional" : true,
      "placeholder" : "",
      "type" : "InputString",
      "uuid" : "62b6d669-7b48-4919-b421-c5225a8643a2",
      "v" : 16,
      "vertGravity" : "center",
      "widthPolicy" : "sizeToCell"
    }, {
      "binding" : "page.data.obuilding",
      "borderColor" : "Default",
      "borderRadius" : 4,
      "borderThickness" : 0,
      "defaultValue" : "",
      "heightPolicy" : "naturalSize",
      "horzGravity" : "center",
      "inputType" : "text",
      "isReadOnly" : true,
      "label" : "Building",
      "name" : "InputString8838",
      "optional" : true,
      "placeholder" : "",
      "type" : "InputString",
      "uuid" : "74e00da2-1bf2-45d8-8d91-102b710e1c25",
      "v" : 16,
      "vertGravity" : "center",
      "widthPolicy" : "sizeToCell"
    }, {
      "borderColor" : "Default",
      "borderRadius" : 4,
      "borderThickness" : 0,
      "fontFamily" : "inherit",
      "fontSize" : 20,
      "fontStyle" : "normal",
      "fontWeight" : "normal",
      "heightPolicy" : "naturalSize",
      "horzGravity" : "center",
      "name" : "StaticText27552",
      "text" : "Drop-off Location",
      "type" : "StaticText",
      "uuid" : "75d84e71-a9e8-49c3-8b0f-dff5f763386a",
      "v" : 16,
      "vertGravity" : "center",
      "widthPolicy" : "naturalSize"
    }, {
      "borderColor" : "Default",
      "borderRadius" : 4,
      "borderThickness" : 1,
      "children" : [ "aa835819-4886-4fa6-b20e-ee91cee7e032", "74e00da2-1bf2-45d8-8d91-102b710e1c25", "40b16776-a50b-4066-bd1b-3c0172eb1d9b", "62b6d669-7b48-4919-b421-c5225a8643a2" ],
      "heightPolicy" : "naturalSize",
      "horzGravity" : "center",
      "innerMargin" : 20,
      "name" : "VerticalLayout10184",
      "type" : "VerticalLayout",
      "uuid" : "98df9c2f-8b88-44af-a4dc-de1242d10a04",
      "v" : 16,
      "vertGravity" : "center",
      "widthPolicy" : "sizeToCell"
    }, {
      "binding" : "page.data.dspace",
      "borderColor" : "Default",
      "borderRadius" : 4,
      "borderThickness" : 0,
      "defaultValue" : "",
      "heightPolicy" : "naturalSize",
      "horzGravity" : "center",
      "inputType" : "text",
      "isReadOnly" : true,
      "label" : "Room",
      "name" : "InputString8843",
      "optional" : true,
      "placeholder" : "",
      "type" : "InputString",
      "uuid" : "a8f4c2ab-591a-44b1-81f1-f72515a2979d",
      "v" : 16,
      "vertGravity" : "center",
      "widthPolicy" : "sizeToCell"
    }, {
      "borderColor" : "Default",
      "borderRadius" : 4,
      "borderThickness" : 0,
      "fontFamily" : "inherit",
      "fontSize" : 20,
      "fontStyle" : "normal",
      "fontWeight" : "normal",
      "heightPolicy" : "naturalSize",
      "horzGravity" : "center",
      "name" : "StaticText27551",
      "text" : "Pick Up Location",
      "type" : "StaticText",
      "uuid" : "aa835819-4886-4fa6-b20e-ee91cee7e032",
      "v" : 16,
      "vertGravity" : "center",
      "widthPolicy" : "naturalSize"
    }, {
      "binding" : "page.data.dfloor",
      "borderColor" : "Default",
      "borderRadius" : 4,
      "borderThickness" : 0,
      "defaultValue" : "",
      "heightPolicy" : "naturalSize",
      "horzGravity" : "center",
      "inputType" : "text",
      "isReadOnly" : true,
      "label" : "Floor",
      "name" : "InputString8842",
      "optional" : true,
      "placeholder" : "",
      "type" : "InputString",
      "uuid" : "b7f2988b-f7dc-48df-9887-aa2f52ef9af5",
      "v" : 16,
      "vertGravity" : "center",
      "widthPolicy" : "sizeToCell"
    }, {
      "borderColor" : "Default",
      "borderRadius" : 4,
      "borderThickness" : 1,
      "children" : [ "eacfd952-3372-49aa-81b0-78016adf67d1", "3325f6a3-6803-4ab6-bbc6-41af23cb8d35" ],
      "heightPolicy" : "naturalSize",
      "horzGravity" : "center",
      "innerMargin" : 20,
      "name" : "VerticalLayout10185",
      "type" : "VerticalLayout",
      "uuid" : "bacb0326-c07e-459f-8c22-ee584733c9d4",
      "v" : 16,
      "vertGravity" : "center",
      "widthPolicy" : "sizeToCell"
    }, {
      "binding" : "page.data.patient",
      "borderColor" : "Default",
      "borderRadius" : 4,
      "borderThickness" : 0,
      "defaultValue" : "",
      "heightPolicy" : "naturalSize",
      "horzGravity" : "center",
      "inputType" : "text",
      "isReadOnly" : true,
      "label" : "Patient",
      "name" : "InputString8837",
      "optional" : true,
      "placeholder" : "",
      "type" : "InputString",
      "uuid" : "eacfd952-3372-49aa-81b0-78016adf67d1",
      "v" : 16,
      "vertGravity" : "center",
      "widthPolicy" : "sizeToCell"
    }, {
      "borderColor" : "Default",
      "borderRadius" : 4,
      "borderThickness" : 0,
      "buttonBackgroundColor" : "#ff0000",
      "buttonLabel" : "Reject",
      "buttonLabelColor" : "platform",
      "buttonLabelSize" : 14,
      "buttonLabelStyle" : "bold",
      "h" : 60,
      "heightPolicy" : "explicit",
      "horzGravity" : "center",
      "name" : "Button8460",
      "submitValue" : 200,
      "type" : "Button",
      "uuid" : "fd148622-35fc-4274-b412-3cfb4837b92c",
      "v" : 16,
      "vertGravity" : "center",
      "widthPolicy" : "sizeToCell"
    } ]
  },
  "data" : {
    "properties" : {
      "dbuilding" : {
        "defaultLabel" : "dbuilding",
        "defaultValue" : "",
        "type" : "String"
      },
      "dfloor" : {
        "defaultLabel" : "dfloor",
        "defaultValue" : "",
        "type" : "String"
      },
      "dspace" : {
        "defaultLabel" : "dspace",
        "defaultValue" : "",
        "type" : "String"
      },
      "obuilding" : {
        "defaultLabel" : "obuilding",
        "defaultValue" : "",
        "type" : "String"
      },
      "ofloor" : {
        "defaultLabel" : "ofloor",
        "defaultValue" : "",
        "type" : "String"
      },
      "ospace" : {
        "defaultLabel" : "ospace",
        "defaultValue" : "",
        "type" : "String"
      },
      "patient" : {
        "defaultLabel" : "patient",
        "defaultValue" : "",
        "type" : "String"
      },
      "transport" : {
        "defaultLabel" : "transport",
        "defaultValue" : "",
        "type" : "String"
      }
    }
  },
  "footerChildren" : [ ],
  "hasFooter" : false,
  "layoutType" : "mobile",
  "responseTopic" : "/my/response/topic"
}