{
  "ars_properties" : {
    "tags" : [ ]
  },
  "ars_public" : false,
  "controllers" : {
    "client" : { },
    "dataStream" : { },
    "page" : {
      "Start" : {
        "onClientStart" : "RELOCATED to controllers/page/Start/onClientStart.js",
        "onStart" : "RELOCATED to controllers/page/Start/onStart.js"
      }
    },
    "topbar" : {
      "widgets" : { }
    }
  },
  "isLaunchable" : false,
  "models" : {
    "dataObjects" : {
      "__GLOBAL__" : {
        "properties" : {
          "isDebug" : {
            "defaultLabel" : "isDebug",
            "defaultValue" : true,
            "type" : "Boolean"
          }
        }
      },
      "__PARAMETERS__" : {
        "properties" : { }
      }
    },
    "dataStreams" : [ ]
  },
  "name" : "AcceptTransport",
  "options" : {
    "RELOCATE" : [ {
      "path" : "controllers",
      "type" : "js"
    }, {
      "path" : "views",
      "type" : "json"
    }, {
      "path" : "options.topbar",
      "type" : "jsonObj"
    } ],
    "badgeCount" : 0,
    "description" : "",
    "docAssets" : [ "public/navbarlogo/blueprintlogo.png" ],
    "hasTopbar" : true,
    "paletteCollapsed" : false,
    "productV" : "7.2",
    "showCategoryButtons" : true,
    "showCategoryDataDisplay" : true,
    "showCategoryDataInput" : true,
    "showCategoryLayout" : true,
    "showGridWhileEditing" : false,
    "theme" : {
      "backgroundColor" : "#ffffff",
      "borderColor" : "#d3d6db",
      "cardAccentColor" : "#ffffff",
      "cardColor" : "#3c424d",
      "dataDisplayColor" : "#ffffff",
      "dataDisplayColors" : [ "#3cbce1", "#996db8", "#86d557", "#ff9800", "#425b71", "#cc467c", "#01aa93", "#ffca28", "#f583a9", "#1c84d4", "#ff6767", "#4caf50" ],
      "dataInputColor" : "#ffffff",
      "foregroundColor" : "#566076",
      "label" : "Light",
      "name" : "light",
      "titleBarColor" : "#dddddd",
      "v" : 3
    },
    "topbar" : "RELOCATED to options/topbar.json",
    "v" : 5
  },
  "targetDevice" : "mobile",
  "userList" : [ ],
  "views" : {
    "Start" : "RELOCATED to views/Start.json"
  }
}