{
  "ars_properties" : {
    "tags" : [ "#launchable" ]
  },
  "ars_public" : false,
  "controllers" : {
    "client" : { },
    "dataStream" : {
      "ce_s_simulations" : { }
    },
    "page" : {
      "Playback" : {
        "onStart" : "RELOCATED to controllers/page/Playback/onStart.js",
        "widgets" : {
          "DataTable3405" : {
            "onButtonClickCallback" : "RELOCATED to controllers/page/Playback/widgets/DataTable3405/onButtonClickCallback.js"
          }
        }
      },
      "Start" : {
        "onClientStart" : "RELOCATED to controllers/page/Start/onClientStart.js",
        "widgets" : {
          "Button11231" : {
            "onClick" : "RELOCATED to controllers/page/Start/widgets/Button11231/onClick.js"
          },
          "Button9282" : {
            "onClick" : "RELOCATED to controllers/page/Start/widgets/Button9282/onClick.js"
          }
        }
      }
    }
  },
  "isLaunchable" : true,
  "models" : {
    "dataObjects" : {
      "__GLOBAL__" : {
        "properties" : { }
      },
      "__PARAMETERS__" : {
        "properties" : { }
      }
    },
    "dataStreams" : [ {
      "advancedWhereClause" : null,
      "dataObjectName" : null,
      "dataTypeList" : [ {
        "label" : null,
        "type" : "s_simulations"
      } ],
      "isDeleteOp" : false,
      "isInsertOp" : false,
      "isUpdateOp" : false,
      "maxRecords" : 0,
      "name" : "ce_s_simulations",
      "pauseAtStartup" : false,
      "property" : null,
      "sortByProperty" : null,
      "sortDescending" : false,
      "type" : 5,
      "updateInterval" : 60,
      "uuid" : "60307fd6-63f2-4525-825d-c83b7d4a6535",
      "v" : 1
    } ]
  },
  "name" : "Demo",
  "options" : {
    "RELOCATE" : [ {
      "path" : "controllers",
      "type" : "js"
    }, {
      "path" : "views",
      "type" : "json"
    } ],
    "badgeCount" : 0,
    "description" : "",
    "docAssets" : [ ],
    "paletteCollapsed" : false,
    "productV" : "7.2",
    "showCategoryButtons" : true,
    "showCategoryDataDisplay" : true,
    "showCategoryDataInput" : false,
    "showCategoryLayout" : true,
    "showGridWhileEditing" : false,
    "theme" : {
      "backgroundColor" : "#ffffff",
      "borderColor" : "#d3d6db",
      "cardAccentColor" : "#ffffff",
      "cardColor" : "#3c424d",
      "dataDisplayColor" : "#ffffff",
      "dataDisplayColors" : [ "#3cbce1", "#996db8", "#86d557", "#ff9800", "#425b71", "#cc467c", "#01aa93", "#ffca28", "#f583a9", "#1c84d4", "#ff6767", "#4caf50" ],
      "dataInputColor" : "#ffffff",
      "foregroundColor" : "#566076",
      "label" : "Light",
      "name" : "light",
      "titleBarColor" : "#dddddd",
      "v" : 3
    },
    "v" : 5
  },
  "targetDevice" : "mobile",
  "userList" : [ ],
  "views" : {
    "Playback" : "RELOCATED to views/Playback.json",
    "Start" : "RELOCATED to views/Start.json"
  }
}