{
  "rootObj" : "d693820e-a242-4615-817c-0341a1699cd0",
  "widgets" : [ {
    "binding" : "client.data.ht",
    "borderColor" : "Default",
    "borderRadius" : 4,
    "borderThickness" : 0,
    "checkboxLabel" : "HT",
    "default" : false,
    "heightPolicy" : "naturalSize",
    "horzGravity" : "center",
    "name" : "Checkbox1",
    "type" : "Checkbox",
    "uuid" : "a5e9662a-b2d1-47a4-86fd-001084160637",
    "v" : 16,
    "vertGravity" : "center",
    "widthPolicy" : "sizeToCell"
  }, {
    "binding" : "client.data.user",
    "borderColor" : "Default",
    "borderRadius" : 4,
    "borderThickness" : 0,
    "checkboxLabel" : "WU",
    "default" : false,
    "heightPolicy" : "naturalSize",
    "horzGravity" : "center",
    "name" : "Checkbox2",
    "type" : "Checkbox",
    "uuid" : "af7cc239-b483-4887-98e9-5d2349005090",
    "v" : 16,
    "vertGravity" : "center",
    "widthPolicy" : "sizeToCell"
  }, {
    "CSSClass" : "",
    "backgroundColor" : "#f0f2f9",
    "borderColor" : "Default",
    "borderThickness" : 0,
    "children" : [ "a5e9662a-b2d1-47a4-86fd-001084160637", "af7cc239-b483-4887-98e9-5d2349005090" ],
    "heightPolicy" : "naturalSize",
    "horzGravity" : "center",
    "horzMargin" : 5,
    "innerMargin" : 10,
    "name" : "_Topbar_",
    "packTight" : true,
    "type" : "HorizontalLayout",
    "uuid" : "d693820e-a242-4615-817c-0341a1699cd0",
    "v" : 16,
    "vertGravity" : "center",
    "vertMargin" : 5,
    "vertWeight" : 1,
    "widthPolicy" : "sizeToCell"
  } ]
}