{
  "rootObj" : "47867f7d-2a46-4411-880c-c77e9d4f17ad",
  "widgets" : [ {
    "borderColor" : "Default",
    "borderRadius" : 4,
    "borderThickness" : 0,
    "heightPolicy" : "naturalSize",
    "horzGravity" : "center",
    "name" : "StaticImage95",
    "preserveAspectRatio" : true,
    "type" : "StaticImage",
    "url" : "../../docs/public/navbarlogo/blueprintlogo.png",
    "uuid" : "227d3f60-74ce-4859-80bc-982073a3ecd2",
    "v" : 16,
    "vertGravity" : "center",
    "widthPolicy" : "naturalSize"
  }, {
    "CSSClass" : "",
    "backgroundColor" : "#002da8",
    "borderColor" : "Default",
    "borderThickness" : 0,
    "children" : [ "227d3f60-74ce-4859-80bc-982073a3ecd2" ],
    "heightPolicy" : "naturalSize",
    "horzGravity" : "center",
    "horzMargin" : 5,
    "innerMargin" : 10,
    "name" : "_Topbar_",
    "packTight" : true,
    "type" : "HorizontalLayout",
    "uuid" : "47867f7d-2a46-4411-880c-c77e9d4f17ad",
    "v" : 16,
    "vertGravity" : "center",
    "vertMargin" : 5,
    "vertWeight" : 1,
    "widthPolicy" : "sizeToCell"
  } ]
}