{
  "ars_public" : false,
  "controllers" : {
    "client" : { },
    "dataStream" : { },
    "page" : {
      "Start" : {
        "widgets" : { }
      }
    }
  },
  "isLaunchable" : false,
  "models" : {
    "dataObjects" : {
      "__GLOBAL__" : {
        "properties" : { }
      },
      "__PARAMETERS__" : {
        "properties" : { }
      }
    },
    "dataStreams" : [ ]
  },
  "name" : "VCSDocumentExport",
  "options" : {
    "RELOCATE" : [ {
      "path" : "controllers",
      "type" : "js"
    }, {
      "path" : "views",
      "type" : "json"
    } ],
    "badgeCount" : 0,
    "description" : "",
    "docAssets" : [ "css/client.css", "css/spinner.css", "images/LogoPlaceHolder.png", "images/floorplanselect.png", "images/icons/asseticon.png", "public/build/data/face-min.js", "public/build/tracking-min.js", "public/css/camera.css", "public/navbarlogo/LogoPlaceHolder.png", "public/navbarlogo/blueprintlogo.png", "templates/basetemplate", "templates/clientcss", "templates/dashboardPatientTransport", "templates/dashboardhandsanitizer", "templates/dashboardhighbodytemp", "templates/dashboardpersonnelhightemp", "templates/dashboardrestrictedspaceissue", "templates/spinnercss", "vantiq/navBar.json" ],
    "offlineAssets" : [ "../../docs/templates/clientcss", "../../docs/templates/dashboardPatientTransport", "../../docs/templates/dashboardhandsanitizer", "../../docs/templates/dashboardhighbodytemp", "../../docs/templates/dashboardpersonnelhightemp", "../../docs/templates/dashboardrestrictedspaceissue", "../../docs/templates/spinnercss", "../../docs/css/client.css", "../../docs/css/spinner.css", "../../docs/images/LogoPlaceHolder.png", "../../docs/images/floorplanselect.png", "../../docs/public/build/data/face-min.js", "../../docs/public/build/tracking-min.js", "../../docs/public/css/camera.css", "../../docs/public/navbarlogo/LogoPlaceHolder.png", "../../docs/public/navbarlogo/blueprintlogo.png", "../../docs/vantiq/navBar.json", "../../docs/images/icons/asseticon.png", "../../docs/templates/basetemplate" ],
    "paletteCollapsed" : false,
    "productV" : "7.2a",
    "showCategoryButtons" : false,
    "showCategoryDataDisplay" : true,
    "showCategoryDataInput" : false,
    "showCategoryLayout" : true,
    "showGridWhileEditing" : false,
    "theme" : {
      "backgroundColor" : "#ffffff",
      "borderColor" : "#d3d6db",
      "cardAccentColor" : "#ffffff",
      "cardColor" : "#3c424d",
      "dataDisplayColor" : "#ffffff",
      "dataDisplayColors" : [ "#3cbce1", "#996db8", "#86d557", "#ff9800", "#425b71", "#cc467c", "#01aa93", "#ffca28", "#f583a9", "#1c84d4", "#ff6767", "#4caf50" ],
      "dataInputColor" : "#ffffff",
      "foregroundColor" : "#566076",
      "label" : "Light",
      "name" : "light",
      "titleBarColor" : "#dddddd",
      "v" : 3
    },
    "v" : 5
  },
  "targetDevice" : "browser",
  "userList" : [ ],
  "views" : {
    "Start" : "RELOCATED to views/Start.json"
  }
}