{
  "rootObj" : "89c81b12-c485-4193-9f84-38f8c82ccd45",
  "widgets" : [ {
    "borderColor" : "Default",
    "borderRadius" : 4,
    "borderThickness" : 0,
    "heightPolicy" : "naturalSize",
    "horzGravity" : "center",
    "name" : "StaticImage80",
    "preserveAspectRatio" : true,
    "type" : "StaticImage",
    "url" : "../../docs/public/navbarlogo/blueprintlogo.png",
    "uuid" : "3eaacdfc-3b71-4d41-8bc5-f9b7f6809e7a",
    "v" : 16,
    "vertGravity" : "center",
    "widthPolicy" : "naturalSize"
  }, {
    "CSSClass" : "",
    "backgroundColor" : "#002da8",
    "borderColor" : "Default",
    "borderThickness" : 0,
    "children" : [ "3eaacdfc-3b71-4d41-8bc5-f9b7f6809e7a" ],
    "heightPolicy" : "naturalSize",
    "horzGravity" : "center",
    "horzMargin" : 5,
    "innerMargin" : 10,
    "name" : "_Topbar_",
    "packTight" : true,
    "type" : "HorizontalLayout",
    "uuid" : "89c81b12-c485-4193-9f84-38f8c82ccd45",
    "v" : 16,
    "vertGravity" : "center",
    "vertMargin" : 5,
    "vertWeight" : 1,
    "widthPolicy" : "sizeToCell"
  } ]
}